player_name,mlbam_id,year,signal,luck_score,woba_actual,xwoba_actual,predicted_direction,actual_woba_change,outcome,in_eval,correct
ID_443558,443558,2022,Buy low,0.3993,0.2385,0.3237,IMPROVED,0.098,IMPROVED,True,True
ID_453568,453568,2022,Buy low,0.1628,0.344,0.3244,IMPROVED,0.0096,FLAT,False,
ID_457705,457705,2022,Neutral,0.059,0.2912,0.3173,,0.0397,IMPROVED,False,
ID_458015,458015,2022,Buy low,0.3212,0.2285,0.2786,IMPROVED,0.1424,IMPROVED,True,True
ID_500871,500871,2022,Sell high,-0.3874,0.3538,0.3064,DECLINED,-0.0799,DECLINED,True,True
ID_502671,502671,2022,Slight sell,-0.0937,0.3432,0.3085,DECLINED,0.1226,IMPROVED,True,False
ID_514917,514917,2022,Slight sell,-0.092,0.2971,0.2829,DECLINED,-0.0155,DECLINED,True,True
ID_516782,516782,2022,Buy low,0.1909,0.2849,0.2935,IMPROVED,0.1189,IMPROVED,True,True
ID_518626,518626,2022,Neutral,-0.0142,0.3348,0.3474,,-0.0308,DECLINED,False,
ID_518692,518692,2022,Neutral,0.0217,0.4,0.3939,,0.0172,IMPROVED,False,
ID_518934,518934,2022,Slight sell,-0.11,0.3909,0.3863,DECLINED,-0.0159,DECLINED,True,True
ID_519203,519203,2022,Sell high,-0.1534,0.4359,0.4071,DECLINED,-0.0923,DECLINED,True,True
ID_519317,519317,2022,Neutral,-0.0336,0.3102,0.3555,,0.0534,IMPROVED,False,
ID_527038,527038,2022,Slight sell,-0.136,0.3444,0.3606,DECLINED,-0.0056,FLAT,False,
ID_542303,542303,2022,Buy low,0.3334,0.3201,0.3866,IMPROVED,-0.0312,DECLINED,True,False
ID_542583,542583,2022,Neutral,-0.049,0.2976,0.2959,,0.0111,FLAT,False,
ID_543063,543063,2022,Slight sell,-0.1345,0.306,0.286,DECLINED,-0.0161,DECLINED,True,True
ID_543068,543068,2022,Neutral,0.0391,0.3994,0.3761,,-0.0406,DECLINED,False,
ID_543333,543333,2022,Sell high,-0.697,0.4519,0.3576,DECLINED,-0.1539,DECLINED,True,True
ID_543685,543685,2022,Neutral,0.0479,0.3323,0.3437,,-0.0281,DECLINED,False,
ID_543760,543760,2022,Buy low,0.6529,0.2145,0.2359,IMPROVED,0.131,IMPROVED,True,True
ID_543807,543807,2022,Neutral,-0.0194,0.405,0.3468,,-0.0652,DECLINED,False,
ID_547180,547180,2022,Buy low,0.2671,0.3463,0.3847,IMPROVED,0.1103,IMPROVED,True,True
ID_553993,553993,2022,Neutral,0.0272,0.3424,0.3524,,-0.0192,DECLINED,False,
ID_570731,570731,2022,Buy low,0.3714,0.1925,0.2659,IMPROVED,0.0755,IMPROVED,True,True
ID_571448,571448,2022,Sell high,-0.4354,0.4722,0.3601,DECLINED,-0.1188,DECLINED,True,True
ID_571657,571657,2022,Neutral,0.0089,0.3116,0.3025,,0.0092,FLAT,False,
ID_571771,571771,2022,Buy low,0.1605,0.2617,0.2891,IMPROVED,0.0216,IMPROVED,True,True
ID_571970,571970,2022,Buy low,0.5374,0.2765,0.3316,IMPROVED,0.0128,FLAT,False,
ID_572233,572233,2022,Buy low,0.6591,0.2741,0.3504,IMPROVED,0.0721,IMPROVED,True,True
ID_573131,573131,2022,Buy low,0.3518,0.2385,0.3156,IMPROVED,0.1266,IMPROVED,True,True
ID_592206,592206,2022,Sell high,-0.2008,0.3797,0.3675,DECLINED,-0.0954,DECLINED,True,True
ID_592450,592450,2022,Buy low,0.2544,0.4101,0.4373,IMPROVED,0.0351,IMPROVED,True,True
ID_592518,592518,2022,Sell high,-0.6101,0.4626,0.3711,DECLINED,-0.0984,DECLINED,True,True
ID_592663,592663,2022,Slight sell,-0.1254,0.3427,0.3074,DECLINED,0.002,FLAT,False,
ID_592669,592669,2022,Neutral,-0.0032,0.335,0.2987,,0.019,IMPROVED,False,
ID_592885,592885,2022,Buy low,0.1928,0.3287,0.3532,IMPROVED,0.0229,IMPROVED,True,True
ID_593160,593160,2022,Buy low,0.535,0.172,0.2889,IMPROVED,0.14,IMPROVED,True,True
ID_593428,593428,2022,Sell high,-0.5643,0.4041,0.3435,DECLINED,-0.0339,DECLINED,True,True
ID_593871,593871,2022,Buy low,0.2647,0.2853,0.3006,IMPROVED,0.0749,IMPROVED,True,True
ID_594807,594807,2022,Neutral,-0.0066,0.253,0.2805,,0.0546,IMPROVED,False,
ID_595777,595777,2022,Buy low,0.3286,0.3341,0.3441,IMPROVED,0.0127,FLAT,False,
ID_596019,596019,2022,Neutral,-0.0283,0.3742,0.3573,,-0.0209,DECLINED,False,
ID_596748,596748,2022,Slight sell,-0.0861,0.3214,0.3042,DECLINED,-0.0677,DECLINED,True,True
ID_605137,605137,2022,Sell high,-0.5369,0.4393,0.384,DECLINED,-0.0658,DECLINED,True,True
ID_605141,605141,2022,Buy low,0.3417,0.3386,0.3314,IMPROVED,0.0574,IMPROVED,True,True
ID_606466,606466,2022,Buy low,0.67,0.22,0.247,IMPROVED,0.1783,IMPROVED,True,True
ID_607208,607208,2022,Neutral,-0.0225,0.3282,0.3098,,0.0586,IMPROVED,False,
ID_608070,608070,2022,Neutral,0.1052,0.4683,0.3981,,-0.0963,DECLINED,False,
ID_608324,608324,2022,Buy low,0.2009,0.3472,0.322,IMPROVED,-0.0035,FLAT,False,
ID_608369,608369,2022,Buy low,0.5336,0.3051,0.3733,IMPROVED,0.0438,IMPROVED,True,True
ID_608385,608385,2022,Buy low,0.3992,0.2697,0.3939,IMPROVED,0.0622,IMPROVED,True,True
ID_621020,621020,2022,Neutral,0.0597,0.2872,0.2824,,0.0988,IMPROVED,False,
ID_621043,621043,2022,Slight sell,-0.0858,0.2835,0.296,DECLINED,0.0759,IMPROVED,True,False
ID_621566,621566,2022,Sell high,-0.1667,0.3791,0.389,DECLINED,-0.0244,DECLINED,True,True
ID_623993,623993,2022,Neutral,0.091,0.3793,0.3566,,-0.029,DECLINED,False,
ID_624413,624413,2022,Neutral,0.0574,0.3321,0.3126,,0.0601,IMPROVED,False,
ID_624428,624428,2022,Neutral,0.0466,0.2832,0.2952,,0.0018,FLAT,False,
ID_624585,624585,2022,Buy low,0.3084,0.2864,0.3112,IMPROVED,0.0391,IMPROVED,True,True
ID_630105,630105,2022,Neutral,0.1172,0.333,0.3409,,-0.0008,FLAT,False,
ID_641355,641355,2022,Buy low,0.1774,0.3069,0.3135,IMPROVED,-0.016,DECLINED,True,False
ID_641487,641487,2022,Sell high,-0.3872,0.4399,0.3778,DECLINED,-0.1491,DECLINED,True,True
ID_641820,641820,2022,Slight buy,0.0764,0.2726,0.3736,IMPROVED,0.0962,IMPROVED,True,True
ID_641857,641857,2022,Neutral,-0.0644,0.3765,0.3641,,-0.0728,DECLINED,False,
ID_641933,641933,2022,Buy low,0.4128,0.2524,0.2967,IMPROVED,0.0616,IMPROVED,True,True
ID_642708,642708,2022,Buy low,0.2638,0.2494,0.2957,IMPROVED,0.0982,IMPROVED,True,True
ID_642715,642715,2022,Slight buy,0.0905,0.3468,0.3914,IMPROVED,-0.0202,DECLINED,True,False
ID_642731,642731,2022,Neutral,0.0138,0.3095,0.2621,,0.0322,IMPROVED,False,
ID_643393,643393,2022,Slight sell,-0.0948,0.31,0.3093,DECLINED,-0.0486,DECLINED,True,True
ID_645277,645277,2022,Buy low,0.1977,0.3327,0.3458,IMPROVED,-0.0402,DECLINED,True,False
ID_646240,646240,2022,Neutral,0.104,0.341,0.3494,,0.1066,IMPROVED,False,
ID_656305,656305,2022,Neutral,0.0734,0.3299,0.3117,,0.0291,IMPROVED,False,
ID_656555,656555,2022,Buy low,0.1539,0.2983,0.3272,IMPROVED,0.0741,IMPROVED,True,True
ID_656582,656582,2022,Neutral,-0.0671,0.3694,0.3541,,-0.0482,DECLINED,False,
ID_656775,656775,2022,Neutral,0.051,0.2995,0.3218,,0.0223,IMPROVED,False,
ID_656941,656941,2022,Buy low,0.4875,0.3076,0.3165,IMPROVED,0.0453,IMPROVED,True,True
ID_657077,657077,2022,Buy low,0.3665,0.2844,0.3408,IMPROVED,0.0319,IMPROVED,True,True
ID_660271,660271,2022,Buy low,0.211,0.3295,0.3011,IMPROVED,0.0455,IMPROVED,True,True
ID_662139,662139,2022,Neutral,0.0498,0.3299,0.343,,-0.0051,FLAT,False,
ID_663586,663586,2022,Neutral,0.0542,0.4027,0.4474,,0.0116,FLAT,False,
ID_663624,663624,2022,Buy low,0.2374,0.2719,0.3683,IMPROVED,0.0563,IMPROVED,True,True
ID_663647,663647,2022,Sell high,-0.4458,0.3877,0.3581,DECLINED,-0.0986,DECLINED,True,True
ID_663656,663656,2022,Buy low,0.5351,0.3145,0.4127,IMPROVED,0.0344,IMPROVED,True,True
ID_663757,663757,2022,Buy low,0.396,0.2465,0.2867,IMPROVED,0.0485,IMPROVED,True,True
ID_663993,663993,2022,Sell high,-0.2336,0.354,0.3139,DECLINED,-0.0124,FLAT,False,
ID_664034,664034,2022,Slight sell,-0.1016,0.4151,0.4082,DECLINED,-0.0463,DECLINED,True,True
ID_664702,664702,2022,Sell high,-0.4019,0.3565,0.2774,DECLINED,-0.1035,DECLINED,True,True
ID_665161,665161,2022,Neutral,0.0739,0.3645,0.3634,,-0.0295,DECLINED,False,
ID_665489,665489,2022,Buy low,0.1818,0.383,0.4229,IMPROVED,-0.0141,FLAT,False,
ID_665742,665742,2022,Buy low,0.4197,0.3725,0.4119,IMPROVED,0.0219,IMPROVED,True,True
ID_666182,666182,2022,Buy low,0.4022,0.2464,0.3087,IMPROVED,0.0989,IMPROVED,True,True
ID_666185,666185,2022,Buy low,0.2146,0.2315,0.2233,IMPROVED,0.1245,IMPROVED,True,True
ID_666969,666969,2022,Buy low,0.313,0.2977,0.3175,IMPROVED,0.0394,IMPROVED,True,True
ID_666971,666971,2022,Neutral,0.0202,0.3382,0.3321,,0.0206,IMPROVED,False,
ID_668227,668227,2022,Neutral,0.0966,0.2716,0.1999,,0.074,IMPROVED,False,
ID_668804,668804,2022,Buy low,0.3116,0.2963,0.3164,IMPROVED,0.0703,IMPROVED,True,True
ID_669221,669221,2022,Neutral,0.0504,0.3137,0.3026,,0.0134,FLAT,False,
ID_669242,669242,2022,Neutral,-0.0678,0.3841,0.3731,,-0.0883,DECLINED,False,
ID_669720,669720,2022,Sell high,-0.1716,0.3912,0.3331,DECLINED,-0.0599,DECLINED,True,True
ID_673548,673548,2022,Sell high,-0.1648,0.4161,0.3527,DECLINED,-0.0975,DECLINED,True,True
ID_677551,677551,2022,Neutral,0.0396,0.3943,0.4026,,-0.1236,DECLINED,False,
ID_677594,677594,2022,Neutral,-0.0792,0.2605,0.2547,,0.1256,IMPROVED,False,
ID_453568,453568,2023,Buy low,0.1627,0.3551,0.3534,IMPROVED,-0.0259,DECLINED,True,False
ID_457705,457705,2023,Neutral,0.0325,0.3532,0.3685,,-0.0038,FLAT,False,
ID_457759,457759,2023,Neutral,0.0703,0.35,0.3562,,0.0287,IMPROVED,False,
ID_462101,462101,2023,Buy low,0.1574,0.2447,0.255,IMPROVED,0.034,IMPROVED,True,True
ID_467793,467793,2023,Sell high,-0.3162,0.354,0.3335,DECLINED,-0.0355,DECLINED,True,True
ID_502110,502110,2023,Neutral,0.0095,0.3652,0.376,,0.0049,FLAT,False,
ID_502671,502671,2023,Neutral,0.0058,0.3984,0.4405,,-0.0409,DECLINED,False,
ID_516416,516416,2023,Buy low,0.286,0.2095,0.2799,IMPROVED,0.0687,IMPROVED,True,True
ID_516782,516782,2023,Buy low,0.1855,0.2844,0.3287,IMPROVED,0.0082,FLAT,False,
ID_518692,518692,2023,Slight buy,0.1422,0.3664,0.3994,IMPROVED,0.0786,IMPROVED,True,True
ID_518735,518735,2023,Sell high,-0.1556,0.3441,0.2875,DECLINED,-0.0375,DECLINED,True,True
ID_518934,518934,2023,Slight sell,-0.1102,0.329,0.3295,DECLINED,-0.037,DECLINED,True,True
ID_519203,519203,2023,Slight sell,-0.1374,0.3685,0.3523,DECLINED,-0.0646,DECLINED,True,True
ID_521692,521692,2023,Neutral,0.0828,0.3255,0.3305,,-0.0228,DECLINED,False,
ID_527038,527038,2023,Neutral,0.0286,0.3438,0.3135,,0.0554,IMPROVED,False,
ID_542932,542932,2023,Slight buy,0.1427,0.2871,0.3272,IMPROVED,0.0489,IMPROVED,True,True
ID_543068,543068,2023,Buy low,0.3238,0.318,0.3356,IMPROVED,0.0293,IMPROVED,True,True
ID_543257,543257,2023,Neutral,-0.0098,0.3374,0.2969,,-0.0464,DECLINED,False,
ID_543760,543760,2023,Neutral,0.0592,0.3705,0.3046,,-0.0173,DECLINED,False,
ID_543807,543807,2023,Buy low,0.4425,0.2779,0.325,IMPROVED,0.0622,IMPROVED,True,True
ID_543939,543939,2023,Buy low,0.152,0.2294,0.2657,IMPROVED,-0.0047,FLAT,False,
ID_545361,545361,2023,Sell high,-0.2986,0.4246,0.4026,DECLINED,-0.0712,DECLINED,True,True
ID_547989,547989,2023,Neutral,0.0884,0.2633,0.2736,,0.0539,IMPROVED,False,
ID_553869,553869,2023,Sell high,-0.3262,0.3815,0.3252,DECLINED,-0.0626,DECLINED,True,True
ID_553993,553993,2023,Neutral,-0.0583,0.3058,0.311,,0.0106,FLAT,False,
ID_570482,570482,2023,Slight sell,-0.148,0.3,0.2663,DECLINED,0.0344,IMPROVED,True,False
ID_571448,571448,2023,Neutral,0.107,0.2731,0.2668,,0.1248,IMPROVED,False,
ID_571771,571771,2023,Slight sell,-0.1192,0.3218,0.273,DECLINED,-0.07,DECLINED,True,True
ID_571970,571970,2023,Neutral,0.0743,0.4374,0.4281,,-0.1084,DECLINED,False,
ID_572191,572191,2023,Sell high,-0.2418,0.3188,0.2809,DECLINED,-0.0284,DECLINED,True,True
ID_572233,572233,2023,Buy low,0.178,0.3054,0.3071,IMPROVED,0.081,IMPROVED,True,True
ID_573262,573262,2023,Sell high,-0.4568,0.375,0.3195,DECLINED,-0.0745,DECLINED,True,True
ID_575929,575929,2023,Neutral,0.007,0.3471,0.3679,,0.0088,FLAT,False,
ID_592178,592178,2023,Neutral,0.041,0.3649,0.3227,,-0.0499,DECLINED,False,
ID_592192,592192,2023,Neutral,0.0545,0.307,0.3024,,0.0254,IMPROVED,False,
ID_592206,592206,2023,Sell high,-0.4207,0.3951,0.3548,DECLINED,-0.075,DECLINED,True,True
ID_592273,592273,2023,Neutral,-0.0302,0.3132,0.3056,,0.0604,IMPROVED,False,
ID_592450,592450,2023,Buy low,0.3294,0.3819,0.4034,IMPROVED,0.1524,IMPROVED,True,True
ID_592518,592518,2023,Buy low,0.2926,0.2919,0.2712,IMPROVED,0.0819,IMPROVED,True,True
ID_592663,592663,2023,Neutral,-0.0752,0.3377,0.3166,,-0.0009,FLAT,False,
ID_592669,592669,2023,Neutral,0.0492,0.3663,0.298,,-0.0347,DECLINED,False,
ID_592885,592885,2023,Neutral,0.0548,0.3056,0.3214,,0.0981,IMPROVED,False,
ID_593160,593160,2023,Sell high,-0.4075,0.3594,0.3169,DECLINED,-0.0064,FLAT,False,
ID_593428,593428,2023,Neutral,-0.0006,0.3968,0.3493,,-0.0902,DECLINED,False,
ID_595777,595777,2023,Buy low,0.4595,0.2914,0.3151,IMPROVED,0.0303,IMPROVED,True,True
ID_595879,595879,2023,Slight sell,-0.1165,0.2924,0.2533,DECLINED,-0.0121,FLAT,False,
ID_596019,596019,2023,Buy low,0.2142,0.3295,0.3169,IMPROVED,0.0132,FLAT,False,
ID_600869,600869,2023,Neutral,0.0133,0.3092,0.2998,,0.0788,IMPROVED,False,
ID_602104,602104,2023,Sell high,-0.3662,0.3738,0.3175,DECLINED,-0.0746,DECLINED,True,True
ID_605119,605119,2023,Sell high,-0.1942,0.3406,0.3367,DECLINED,-0.0415,DECLINED,True,True
ID_605137,605137,2023,Buy low,0.2483,0.3089,0.3102,IMPROVED,0.0081,FLAT,False,
ID_605141,605141,2023,Buy low,0.2727,0.3525,0.3353,IMPROVED,0.0725,IMPROVED,True,True
ID_605204,605204,2023,Sell high,-0.3871,0.3745,0.3301,DECLINED,-0.0481,DECLINED,True,True
ID_606192,606192,2023,Buy low,0.3254,0.2936,0.3401,IMPROVED,0.0183,IMPROVED,True,True
ID_606466,606466,2023,Buy low,0.2302,0.3282,0.3174,IMPROVED,0.0793,IMPROVED,True,True
ID_607043,607043,2023,Sell high,-0.3859,0.4017,0.3934,DECLINED,-0.0717,DECLINED,True,True
ID_607054,607054,2023,Neutral,0.0352,0.2773,0.2918,,0.0153,IMPROVED,False,
ID_607208,607208,2023,Buy low,0.1751,0.2908,0.2725,IMPROVED,0.0215,IMPROVED,True,True
ID_608070,608070,2023,Neutral,0.115,0.358,0.3712,,0.0166,IMPROVED,False,
ID_608324,608324,2023,Buy low,0.3732,0.3354,0.3695,IMPROVED,0.0135,FLAT,False,
ID_608841,608841,2023,Slight sell,-0.1214,0.3085,0.3162,DECLINED,0.0262,IMPROVED,True,False
ID_621020,621020,2023,Sell high,-0.2867,0.3534,0.3577,DECLINED,-0.0131,FLAT,False,
ID_621043,621043,2023,Buy low,0.4807,0.2816,0.2915,IMPROVED,0.0394,IMPROVED,True,True
ID_621439,621439,2023,Neutral,0.0114,0.3704,0.3292,,-0.0755,DECLINED,False,
ID_621493,621493,2023,Buy low,0.2952,0.3032,0.3252,IMPROVED,0.0512,IMPROVED,True,True
ID_621550,621550,2023,Neutral,0.0712,0.3961,0.3773,,-0.0999,DECLINED,False,
ID_621566,621566,2023,Neutral,-0.0038,0.3959,0.3612,,0.0098,FLAT,False,
ID_622534,622534,2023,Neutral,0.1056,0.2849,0.2909,,0.0328,IMPROVED,False,
ID_622761,622761,2023,Sell high,-0.2602,0.4411,0.3907,DECLINED,-0.2439,DECLINED,True,True
ID_623912,623912,2023,Sell high,-0.1892,0.4296,0.3608,DECLINED,-0.1088,DECLINED,True,True
ID_623993,623993,2023,Neutral,0.1358,0.2804,0.294,,0.0911,IMPROVED,False,
ID_624413,624413,2023,Slight buy,0.0991,0.3845,0.4006,IMPROVED,-0.0433,DECLINED,True,False
ID_624424,624424,2023,Neutral,0.0239,0.3203,0.3193,,0.0131,FLAT,False,
ID_624428,624428,2023,Neutral,0.0538,0.3049,0.3084,,0.0291,IMPROVED,False,
ID_624585,624585,2023,Buy low,0.2163,0.3299,0.3683,IMPROVED,0.0354,IMPROVED,True,True
ID_630105,630105,2023,Buy low,0.1556,0.3165,0.3321,IMPROVED,-0.0151,DECLINED,True,False
ID_641355,641355,2023,Buy low,0.1778,0.4338,0.3516,IMPROVED,-0.0575,DECLINED,True,False
ID_641487,641487,2023,Neutral,0.01,0.3422,0.3448,,0.0196,IMPROVED,False,
ID_641584,641584,2023,Neutral,0.0959,0.3242,0.3032,,0.0528,IMPROVED,False,
ID_641680,641680,2023,Slight buy,0.115,0.4084,0.4354,IMPROVED,-0.0678,DECLINED,True,False
ID_641820,641820,2023,Sell high,-0.2202,0.3056,0.2832,DECLINED,-0.0341,DECLINED,True,True
ID_641857,641857,2023,Slight buy,0.1264,0.3179,0.3571,IMPROVED,0.0571,IMPROVED,True,True
ID_642086,642086,2023,Neutral,0.1286,0.2816,0.2602,,0.0378,IMPROVED,False,
ID_642133,642133,2023,Neutral,-0.0574,0.365,0.3293,,-0.1034,DECLINED,False,
ID_642708,642708,2023,Buy low,0.2073,0.2582,0.303,IMPROVED,0.0752,IMPROVED,True,True
ID_642715,642715,2023,Neutral,0.0105,0.3455,0.328,,-0.0603,DECLINED,False,
ID_642731,642731,2023,Sell high,-0.78,0.4165,0.3356,DECLINED,-0.1069,DECLINED,True,True
ID_643217,643217,2023,Neutral,-0.0623,0.3014,0.2793,,0.0321,IMPROVED,False,
ID_643265,643265,2023,Sell high,-0.227,0.3224,0.2867,DECLINED,-0.0045,FLAT,False,
ID_643289,643289,2023,Sell high,-0.2422,0.3495,0.3232,DECLINED,-0.0593,DECLINED,True,True
ID_643393,643393,2023,Buy low,0.4157,0.2232,0.2914,IMPROVED,0.0819,IMPROVED,True,True
ID_643446,643446,2023,Slight sell,-0.1436,0.3832,0.3276,DECLINED,-0.1005,DECLINED,True,True
ID_645277,645277,2023,Neutral,0.0884,0.3423,0.3423,,0.0077,FLAT,False,
ID_646240,646240,2023,Buy low,0.3554,0.3533,0.3778,IMPROVED,0.014,FLAT,False,
ID_647304,647304,2023,Buy low,0.5111,0.2656,0.3676,IMPROVED,0.1305,IMPROVED,True,True
ID_649557,649557,2023,Buy low,0.2193,0.2247,0.2808,IMPROVED,0.0492,IMPROVED,True,True
ID_650333,650333,2023,Sell high,-0.625,0.4525,0.3887,DECLINED,-0.0709,DECLINED,True,True
ID_650391,650391,2023,Neutral,0.0185,0.3091,0.2887,,0.0619,IMPROVED,False,
ID_650402,650402,2023,Buy low,0.2986,0.346,0.3736,IMPROVED,-0.0252,DECLINED,True,False
ID_650490,650490,2023,Slight sell,-0.1078,0.4248,0.4337,DECLINED,-0.0407,DECLINED,True,True
ID_650559,650559,2023,Sell high,-0.1772,0.2944,0.2954,DECLINED,0.048,IMPROVED,True,False
ID_650859,650859,2023,Buy low,0.2017,0.2946,0.3316,IMPROVED,0.0436,IMPROVED,True,True
ID_656305,656305,2023,Sell high,-0.8964,0.4838,0.4807,DECLINED,-0.1668,DECLINED,True,True
ID_656582,656582,2023,Sell high,-0.3684,0.4091,0.372,DECLINED,-0.1111,DECLINED,True,True
ID_656775,656775,2023,Neutral,0.1068,0.3466,0.3211,,0.0008,FLAT,False,
ID_656941,656941,2023,Buy low,0.4265,0.3325,0.3436,IMPROVED,-0.0077,FLAT,False,
ID_657041,657041,2023,Sell high,-0.1956,0.3056,0.2536,DECLINED,0.072,IMPROVED,True,False
ID_657077,657077,2023,Neutral,-0.0704,0.3791,0.3771,,-0.0556,DECLINED,False,
ID_658668,658668,2023,Neutral,-0.0738,0.3644,0.383,,-0.0609,DECLINED,False,
ID_660271,660271,2023,Buy low,0.1988,0.3952,0.4015,IMPROVED,0.0731,IMPROVED,True,True
ID_660670,660670,2023,Sell high,-0.1775,0.4484,0.4484,DECLINED,-0.0216,DECLINED,True,True
ID_660688,660688,2023,Neutral,-0.045,0.3434,0.3565,,-0.0564,DECLINED,False,
ID_661388,661388,2023,Slight sell,-0.1048,0.3511,0.3469,DECLINED,0.0116,FLAT,False,
ID_662139,662139,2023,Neutral,0.1279,0.2754,0.2805,,0.0148,FLAT,False,
ID_663538,663538,2023,Neutral,-0.0848,0.3754,0.3477,,-0.0542,DECLINED,False,
ID_663586,663586,2023,Neutral,-0.001,0.347,0.3315,,0.0194,IMPROVED,False,
ID_663624,663624,2023,Buy low,0.3465,0.3008,0.39,IMPROVED,0.0278,IMPROVED,True,True
ID_663647,663647,2023,Slight buy,0.1381,0.2924,0.352,IMPROVED,0.0171,IMPROVED,True,True
ID_663656,663656,2023,Buy low,0.1889,0.3836,0.4288,IMPROVED,0.0019,FLAT,False,
ID_663697,663697,2023,Neutral,-0.042,0.3549,0.3546,,-0.0306,DECLINED,False,
ID_663728,663728,2023,Neutral,0.0317,0.3459,0.329,,-0.0205,DECLINED,False,
ID_663757,663757,2023,Buy low,0.1519,0.3237,0.3488,IMPROVED,-0.0022,FLAT,False,
ID_663837,663837,2023,Sell high,-0.2129,0.3375,0.3157,DECLINED,-0.0074,FLAT,False,
ID_663886,663886,2023,Sell high,-0.2171,0.3333,0.3288,DECLINED,-0.0133,FLAT,False,
ID_663993,663993,2023,Neutral,0.0566,0.3532,0.3753,,0.0286,IMPROVED,False,
ID_664023,664023,2023,Sell high,-0.2035,0.3722,0.3859,DECLINED,-0.0377,DECLINED,True,True
ID_664034,664034,2023,Neutral,0.0937,0.3233,0.3274,,-0.02,DECLINED,False,
ID_664040,664040,2023,Neutral,-0.0281,0.3747,0.361,,-0.0559,DECLINED,False,
ID_664702,664702,2023,Sell high,-0.167,0.3111,0.2958,DECLINED,-0.0464,DECLINED,True,True
ID_664761,664761,2023,Neutral,0.1008,0.334,0.3282,,0.0143,FLAT,False,
ID_664774,664774,2023,Neutral,0.1336,0.4229,0.4327,,-0.077,DECLINED,False,
ID_665155,665155,2023,Buy low,0.1543,0.2789,0.2652,IMPROVED,0.0007,FLAT,False,
ID_665161,665161,2023,Neutral,0.0442,0.3381,0.3135,,-0.0467,DECLINED,False,
ID_665489,665489,2023,Buy low,0.204,0.3862,0.4321,IMPROVED,-0.0499,DECLINED,True,False
ID_665742,665742,2023,Buy low,0.5449,0.3377,0.3832,IMPROVED,0.092,IMPROVED,True,True
ID_665828,665828,2023,Buy low,0.2004,0.2253,0.2385,IMPROVED,0.0602,IMPROVED,True,True
ID_665923,665923,2023,Slight sell,-0.0894,0.2971,0.3,DECLINED,0.0037,FLAT,False,
ID_665926,665926,2023,Neutral,-0.0396,0.3406,0.3005,,-0.0435,DECLINED,False,
ID_666139,666139,2023,Sell high,-0.4244,0.4367,0.3731,DECLINED,-0.122,DECLINED,True,True
ID_666182,666182,2023,Neutral,0.0176,0.3707,0.3928,,0.0067,FLAT,False,
ID_666801,666801,2023,Sell high,-0.4192,0.3788,0.3446,DECLINED,-0.1134,DECLINED,True,True
ID_666969,666969,2023,Neutral,0.0341,0.3669,0.3516,,0.0023,FLAT,False,
ID_666971,666971,2023,Neutral,0.0479,0.3138,0.3177,,0.0159,IMPROVED,False,
ID_667670,667670,2023,Neutral,0.0376,0.5012,0.4559,,-0.2006,DECLINED,False,
ID_668227,668227,2023,Sell high,-0.4609,0.4176,0.4064,DECLINED,-0.088,DECLINED,True,True
ID_668715,668715,2023,Neutral,-0.0341,0.3365,0.3062,,0.031,IMPROVED,False,
ID_668804,668804,2023,Neutral,-0.0148,0.3849,0.4025,,-0.0698,DECLINED,False,
ID_668930,668930,2023,Neutral,0.1464,0.2568,0.246,,0.0224,IMPROVED,False,
ID_668939,668939,2023,Neutral,0.0253,0.3791,0.3998,,-0.0394,DECLINED,False,
ID_668942,668942,2023,Sell high,-0.3164,0.3333,0.3025,DECLINED,-0.0912,DECLINED,True,True
ID_669004,669004,2023,Buy low,0.2469,0.27,0.311,IMPROVED,0.0356,IMPROVED,True,True
ID_669016,669016,2023,Sell high,-0.7019,0.453,0.3415,DECLINED,-0.1229,DECLINED,True,True
ID_669127,669127,2023,Neutral,0.0951,0.3194,0.3149,,-0.0488,DECLINED,False,
ID_669221,669221,2023,Slight sell,-0.1077,0.413,0.4468,DECLINED,-0.0325,DECLINED,True,True
ID_669242,669242,2023,Neutral,0.0106,0.3643,0.3062,,-0.0698,DECLINED,False,
ID_669261,669261,2023,Sell high,-0.1948,0.4147,0.427,DECLINED,-0.0647,DECLINED,True,True
ID_669357,669357,2023,Slight sell,-0.1256,0.3726,0.3795,DECLINED,-0.027,DECLINED,True,True
ID_669720,669720,2023,Sell high,-0.3546,0.4025,0.3813,DECLINED,-0.082,DECLINED,True,True
ID_669743,669743,2023,Neutral,0.0228,0.3324,0.321,,-0.0533,DECLINED,False,
ID_670541,670541,2023,Buy low,0.1794,0.4133,0.3791,IMPROVED,0.0204,IMPROVED,True,True
ID_670623,670623,2023,Sell high,-0.19,0.3481,0.2926,DECLINED,0.0482,IMPROVED,True,False
ID_670770,670770,2023,Sell high,-0.231,0.3387,0.2887,DECLINED,0.014,FLAT,False,
ID_671213,671213,2023,Buy low,0.5542,0.2668,0.2871,IMPROVED,0.1351,IMPROVED,True,True
ID_671277,671277,2023,Buy low,0.4439,0.275,0.3314,IMPROVED,0.0236,IMPROVED,True,True
ID_672284,672284,2023,Sell high,-0.4278,0.4213,0.4092,DECLINED,-0.1161,DECLINED,True,True
ID_673357,673357,2023,Buy low,0.1837,0.2965,0.2966,IMPROVED,0.1209,IMPROVED,True,True
ID_673490,673490,2023,Buy low,0.184,0.2827,0.2827,IMPROVED,0.1192,IMPROVED,True,True
ID_673962,673962,2023,Neutral,-0.029,0.3542,0.341,,-0.0007,FLAT,False,
ID_676116,676116,2023,Sell high,-0.4338,0.3812,0.3536,DECLINED,-0.0302,DECLINED,True,True
ID_676475,676475,2023,Buy low,0.2803,0.319,0.3372,IMPROVED,-0.0169,DECLINED,True,False
ID_677551,677551,2023,Slight sell,-0.0894,0.3984,0.3682,DECLINED,-0.0644,DECLINED,True,True
ID_677594,677594,2023,Buy low,0.1587,0.3366,0.3362,IMPROVED,-0.0013,FLAT,False,
ID_677950,677950,2023,Buy low,0.1749,0.2763,0.3396,IMPROVED,0.053,IMPROVED,True,True
ID_677951,677951,2023,Buy low,0.5459,0.2863,0.3086,IMPROVED,0.0598,IMPROVED,True,True
ID_678225,678225,2023,Slight sell,-0.1178,0.3092,0.2672,DECLINED,-0.0365,DECLINED,True,True
ID_678246,678246,2023,Neutral,-0.0428,0.3305,0.3453,,-0.0344,DECLINED,False,
ID_678662,678662,2023,Buy low,0.2148,0.2632,0.2355,IMPROVED,0.0656,IMPROVED,True,True
ID_679529,679529,2023,Buy low,0.4022,0.2697,0.3227,IMPROVED,0.0653,IMPROVED,True,True
ID_680757,680757,2023,Neutral,0.0752,0.3177,0.3149,,0.0217,IMPROVED,False,
ID_680977,680977,2023,Neutral,-0.0056,0.3234,0.2887,,0.0472,IMPROVED,False,
ID_681082,681082,2023,Sell high,-0.3144,0.3449,0.2948,DECLINED,-0.0015,FLAT,False,
ID_681546,681546,2023,Sell high,-0.605,0.4174,0.366,DECLINED,-0.113,DECLINED,True,True
ID_682928,682928,2023,Neutral,0.0115,0.3253,0.2705,,0.0019,FLAT,False,
ID_682985,682985,2023,Neutral,0.1087,0.2871,0.2945,,0.1429,IMPROVED,False,
ID_682998,682998,2023,Sell high,-0.3372,0.4,0.3374,DECLINED,-0.0143,FLAT,False,
ID_683002,683002,2023,Buy low,0.2277,0.319,0.3244,IMPROVED,0.0446,IMPROVED,True,True
ID_683011,683011,2023,Neutral,-0.0758,0.3069,0.2902,,-0.0126,FLAT,False,
ID_683734,683734,2023,Neutral,-0.0221,0.3496,0.3504,,-0.0288,DECLINED,False,
ID_686469,686469,2023,Neutral,0.0438,0.3777,0.3979,,-0.0867,DECLINED,False,
ID_686681,686681,2023,Buy low,0.2624,0.1685,0.2395,IMPROVED,0.1569,IMPROVED,True,True
ID_686894,686894,2023,Neutral,0.0198,0.2989,0.2931,,0.0055,FLAT,False,
ID_807799,807799,2023,Neutral,-0.0486,0.3912,0.3683,,-0.0094,FLAT,False,
ID_453568,453568,2024,Buy low,0.2815,0.3173,0.2817,IMPROVED,0.0311,IMPROVED,True,True
ID_457705,457705,2024,Slight buy,0.103,0.2905,0.3163,IMPROVED,0.0464,IMPROVED,True,True
ID_457759,457759,2024,Neutral,-0.0658,0.3867,0.3641,,-0.0885,DECLINED,False,
ID_467793,467793,2024,Buy low,0.2164,0.2816,0.3144,IMPROVED,0.0732,IMPROVED,True,True
ID_502671,502671,2024,Neutral,0.0098,0.2856,0.3264,,0.0292,IMPROVED,False,
ID_514888,514888,2024,Sell high,-0.2146,0.435,0.369,DECLINED,-0.0985,DECLINED,True,True
ID_516782,516782,2024,Sell high,-0.2363,0.3591,0.3565,DECLINED,-0.0382,DECLINED,True,True
ID_518595,518595,2024,Slight sell,-0.1222,0.4171,0.3992,DECLINED,-0.0916,DECLINED,True,True
ID_518692,518692,2024,Neutral,0.0104,0.3842,0.3937,,0.0016,FLAT,False,
ID_519203,519203,2024,Slight sell,-0.0902,0.3325,0.299,DECLINED,-0.0697,DECLINED,True,True
ID_519317,519317,2024,Sell high,-0.1729,0.3729,0.3217,DECLINED,-0.0232,DECLINED,True,True
ID_521692,521692,2024,Sell high,-0.1672,0.4317,0.4417,DECLINED,-0.118,DECLINED,True,True
ID_527038,527038,2024,Neutral,-0.0174,0.3109,0.2927,,-0.038,DECLINED,False,
ID_542303,542303,2024,Neutral,0.035,0.4059,0.4625,,-0.0089,FLAT,False,
ID_543760,543760,2024,Neutral,0.0709,0.3646,0.372,,-0.0495,DECLINED,False,
ID_543807,543807,2024,Buy low,0.2646,0.3114,0.3271,IMPROVED,0.0217,IMPROVED,True,True
ID_547180,547180,2024,Buy low,0.4798,0.3264,0.3534,IMPROVED,0.0786,IMPROVED,True,True
ID_553869,553869,2024,Neutral,0.0532,0.3307,0.2728,,-0.0187,DECLINED,False,
ID_553993,553993,2024,Neutral,-0.0458,0.2967,0.3008,,0.0295,IMPROVED,False,
ID_571448,571448,2024,Neutral,-0.0106,0.3117,0.2938,,0.01,FLAT,False,
ID_571745,571745,2024,Neutral,-0.0154,0.3118,0.3105,,-0.0315,DECLINED,False,
ID_572191,572191,2024,Sell high,-0.197,0.2803,0.281,DECLINED,-0.0318,DECLINED,True,True
ID_572233,572233,2024,Neutral,-0.0302,0.3966,0.4037,,-0.0641,DECLINED,False,
ID_575929,575929,2024,Neutral,-0.0485,0.3699,0.3648,,0.0288,IMPROVED,False,
ID_592192,592192,2024,Neutral,-0.016,0.4008,0.3474,,-0.1221,DECLINED,False,
ID_592206,592206,2024,Buy low,0.51,0.2416,0.2661,IMPROVED,0.0957,IMPROVED,True,True
ID_592273,592273,2024,Neutral,0.0323,0.2922,0.3103,,-0.0645,DECLINED,False,
ID_592450,592450,2024,Buy low,0.6076,0.3388,0.359,IMPROVED,0.1951,IMPROVED,True,True
ID_592518,592518,2024,Buy low,0.284,0.2962,0.3127,IMPROVED,0.045,IMPROVED,True,True
ID_592626,592626,2024,Neutral,0.0521,0.3543,0.387,,0.0326,IMPROVED,False,
ID_592663,592663,2024,Buy low,0.1818,0.3142,0.3211,IMPROVED,0.0078,FLAT,False,
ID_592669,592669,2024,Buy low,0.3451,0.2397,0.2658,IMPROVED,0.1289,IMPROVED,True,True
ID_592696,592696,2024,Buy low,0.6427,0.1398,0.2231,IMPROVED,0.1383,IMPROVED,True,True
ID_593428,593428,2024,Buy low,0.3407,0.2733,0.311,IMPROVED,0.1002,IMPROVED,True,True
ID_593871,593871,2024,Buy low,0.2308,0.307,0.3019,IMPROVED,-0.01,FLAT,False,
ID_595777,595777,2024,Sell high,-0.2104,0.3901,0.3596,DECLINED,-0.0145,FLAT,False,
ID_595879,595879,2024,Slight buy,0.1164,0.2468,0.2752,IMPROVED,-0.0347,DECLINED,True,False
ID_596019,596019,2024,Buy low,0.5997,0.2898,0.3259,IMPROVED,0.0799,IMPROVED,True,True
ID_600869,600869,2024,Neutral,-0.0134,0.3136,0.2514,,0.0038,FLAT,False,
ID_605113,605113,2024,Slight sell,-0.1108,0.2767,0.2803,DECLINED,-0.0105,FLAT,False,
ID_605137,605137,2024,Buy low,0.3454,0.2837,0.2724,IMPROVED,0.0449,IMPROVED,True,True
ID_605141,605141,2024,Sell high,-0.182,0.4579,0.4272,DECLINED,-0.1274,DECLINED,True,True
ID_606115,606115,2024,Sell high,-0.2945,0.3346,0.2673,DECLINED,-0.0726,DECLINED,True,True
ID_606192,606192,2024,Slight sell,-0.0951,0.3357,0.315,DECLINED,0.0283,IMPROVED,True,False
ID_606466,606466,2024,Neutral,0.0123,0.38,0.3687,,0.0115,FLAT,False,
ID_607043,607043,2024,Buy low,0.1909,0.3305,0.4113,IMPROVED,0.0206,IMPROVED,True,True
ID_607208,607208,2024,Sell high,-0.3578,0.386,0.3395,DECLINED,-0.0027,FLAT,False,
ID_608070,608070,2024,Buy low,0.1948,0.3232,0.2888,IMPROVED,0.0592,IMPROVED,True,True
ID_608324,608324,2024,Buy low,0.2677,0.3033,0.2806,IMPROVED,0.0385,IMPROVED,True,True
ID_608369,608369,2024,Buy low,0.5812,0.2882,0.3446,IMPROVED,0.0968,IMPROVED,True,True
ID_608385,608385,2024,Sell high,-0.2348,0.3623,0.358,DECLINED,-0.008,FLAT,False,
ID_608841,608841,2024,Buy low,0.2249,0.2603,0.2994,IMPROVED,0.031,IMPROVED,True,True
ID_621020,621020,2024,Buy low,0.1968,0.2906,0.3318,IMPROVED,-0.0116,FLAT,False,
ID_621438,621438,2024,Neutral,-0.07,0.3314,0.3428,,-0.0164,DECLINED,False,
ID_621439,621439,2024,Neutral,-0.0545,0.3055,0.2581,,0.0847,IMPROVED,False,
ID_621466,621466,2024,Neutral,0.0373,0.3711,0.365,,-0.1092,DECLINED,False,
ID_621493,621493,2024,Slight buy,0.0828,0.3421,0.3861,IMPROVED,-0.044,DECLINED,True,False
ID_621566,621566,2024,Buy low,0.3994,0.31,0.3661,IMPROVED,0.0095,FLAT,False,
ID_623912,623912,2024,Neutral,0.0278,0.2891,0.2604,,0.0179,IMPROVED,False,
ID_623993,623993,2024,Neutral,0.0315,0.3406,0.2952,,0.0398,IMPROVED,False,
ID_624413,624413,2024,Buy low,0.1605,0.3503,0.3281,IMPROVED,-0.0087,FLAT,False,
ID_624415,624415,2024,Neutral,-0.0581,0.2894,0.2925,,-0.0017,FLAT,False,
ID_624424,624424,2024,Neutral,-0.028,0.3273,0.3365,,-0.0283,DECLINED,False,
ID_624428,624428,2024,Slight buy,0.0883,0.28,0.3118,IMPROVED,-0.0217,DECLINED,True,False
ID_624585,624585,2024,Neutral,0.0502,0.3169,0.3177,,0.0273,IMPROVED,False,
ID_630105,630105,2024,Neutral,0.0227,0.3522,0.387,,-0.0267,DECLINED,False,
ID_641313,641313,2024,Sell high,-0.3562,0.2757,0.2407,DECLINED,-0.0792,DECLINED,True,True
ID_641355,641355,2024,Buy low,0.2512,0.3289,0.3281,IMPROVED,0.0141,FLAT,False,
ID_641487,641487,2024,Buy low,0.1636,0.3084,0.3063,IMPROVED,-0.0109,FLAT,False,
ID_641598,641598,2024,Buy low,0.3237,0.2557,0.263,IMPROVED,0.0384,IMPROVED,True,True
ID_641680,641680,2024,Slight sell,-0.1187,0.3056,0.2552,DECLINED,-0.0351,DECLINED,True,True
ID_641857,641857,2024,Sell high,-0.4908,0.3957,0.342,DECLINED,-0.0671,DECLINED,True,True
ID_641933,641933,2024,Neutral,-0.0658,0.4551,0.4125,,-0.1011,DECLINED,False,
ID_642133,642133,2024,Buy low,0.2426,0.2533,0.3115,IMPROVED,0.0772,IMPROVED,True,True
ID_642350,642350,2024,Neutral,-0.0296,0.2587,0.299,,0.0424,IMPROVED,False,
ID_642708,642708,2024,Sell high,-0.2906,0.3543,0.3036,DECLINED,-0.0152,DECLINED,True,True
ID_642715,642715,2024,Sell high,-0.2148,0.4024,0.3501,DECLINED,-0.0747,DECLINED,True,True
ID_642731,642731,2024,Neutral,0.0115,0.2806,0.2767,,-0.0094,FLAT,False,
ID_643217,643217,2024,Buy low,0.3854,0.2459,0.2815,IMPROVED,0.0138,FLAT,False,
ID_643396,643396,2024,Neutral,-0.0308,0.3388,0.3545,,0.0215,IMPROVED,False,
ID_643446,643446,2024,Neutral,0.0825,0.3065,0.3199,,-0.0162,DECLINED,False,
ID_643565,643565,2024,Sell high,-0.1546,0.4062,0.3788,DECLINED,-0.1406,DECLINED,True,True
ID_645277,645277,2024,Sell high,-0.322,0.4005,0.3386,DECLINED,-0.1089,DECLINED,True,True
ID_646240,646240,2024,Slight sell,-0.0994,0.4059,0.4003,DECLINED,0.0085,FLAT,False,
ID_647304,647304,2024,Slight buy,0.0962,0.3689,0.3853,IMPROVED,-0.0396,DECLINED,True,False
ID_647351,647351,2024,Slight sell,-0.1486,0.3189,0.2947,DECLINED,-0.0241,DECLINED,True,True
ID_650333,650333,2024,Neutral,0.0213,0.3358,0.3238,,-0.0135,FLAT,False,
ID_650391,650391,2024,Neutral,0.0772,0.309,0.3049,,-0.0312,DECLINED,False,
ID_650402,650402,2024,Slight sell,-0.0964,0.2858,0.269,DECLINED,0.0311,IMPROVED,True,False
ID_650489,650489,2024,Sell high,-0.247,0.3347,0.3014,DECLINED,0.0189,IMPROVED,True,False
ID_650490,650490,2024,Buy low,0.2035,0.3219,0.2928,IMPROVED,0.0267,IMPROVED,True,True
ID_650559,650559,2024,Neutral,-0.0709,0.3232,0.3592,,-0.0115,FLAT,False,
ID_650859,650859,2024,Sell high,-0.2516,0.3438,0.2637,DECLINED,-0.0088,FLAT,False,
ID_656305,656305,2024,Neutral,0.0578,0.2938,0.3031,,0.0689,IMPROVED,False,
ID_656413,656413,2024,Buy low,0.2229,0.263,0.2979,IMPROVED,0.0734,IMPROVED,True,True
ID_656555,656555,2024,Neutral,0.0596,0.3555,0.3732,,-0.0449,DECLINED,False,
ID_656582,656582,2024,Sell high,-0.2836,0.3591,0.3025,DECLINED,-0.0578,DECLINED,True,True
ID_656775,656775,2024,Neutral,0.1239,0.2991,0.2966,,0.0038,FLAT,False,
ID_656811,656811,2024,Sell high,-0.1654,0.4365,0.4827,DECLINED,-0.0903,DECLINED,True,True
ID_656941,656941,2024,Buy low,0.4304,0.316,0.3444,IMPROVED,0.0822,IMPROVED,True,True
ID_657041,657041,2024,Buy low,0.2972,0.27,0.2826,IMPROVED,0.1039,IMPROVED,True,True
ID_657077,657077,2024,Neutral,0.0629,0.3466,0.3485,,-0.0704,DECLINED,False,
ID_657136,657136,2024,Slight sell,-0.1382,0.3601,0.2945,DECLINED,-0.0185,DECLINED,True,True
ID_657557,657557,2024,Sell high,-0.1662,0.2882,0.2549,DECLINED,0.0261,IMPROVED,True,False
ID_657757,657757,2024,Neutral,0.0188,0.3358,0.3768,,-0.068,DECLINED,False,
ID_660271,660271,2024,Neutral,0.0643,0.4229,0.4704,,0.0114,FLAT,False,
ID_660707,660707,2024,Buy low,0.2432,0.25,0.2799,IMPROVED,0.0204,IMPROVED,True,True
ID_660821,660821,2024,Neutral,-0.0354,0.3114,0.3354,,0.0042,FLAT,False,
ID_661388,661388,2024,Sell high,-0.3604,0.4147,0.3619,DECLINED,-0.0913,DECLINED,True,True
ID_662139,662139,2024,Neutral,0.0278,0.3214,0.282,,-0.0447,DECLINED,False,
ID_663368,663368,2024,Sell high,-0.5452,0.3771,0.3194,DECLINED,-0.0735,DECLINED,True,True
ID_663527,663527,2024,Sell high,-0.4022,0.3569,0.3269,DECLINED,-0.1173,DECLINED,True,True
ID_663538,663538,2024,Buy low,0.1875,0.3141,0.3321,IMPROVED,-0.0001,FLAT,False,
ID_663586,663586,2024,Buy low,0.2759,0.3101,0.3361,IMPROVED,0.0531,IMPROVED,True,True
ID_663624,663624,2024,Neutral,-0.0458,0.3699,0.3774,,-0.0416,DECLINED,False,
ID_663647,663647,2024,Sell high,-0.2904,0.3417,0.2991,DECLINED,-0.0976,DECLINED,True,True
ID_663656,663656,2024,Neutral,0.0327,0.4246,0.4267,,-0.0116,FLAT,False,
ID_663697,663697,2024,Neutral,0.0175,0.3437,0.3618,,0.0146,FLAT,False,
ID_663728,663728,2024,Buy low,0.1816,0.3195,0.2991,IMPROVED,-0.0014,FLAT,False,
ID_663837,663837,2024,Neutral,0.0288,0.3406,0.3235,,-0.0163,DECLINED,False,
ID_663886,663886,2024,Slight buy,0.1167,0.3331,0.3806,IMPROVED,-0.0103,FLAT,False,
ID_663898,663898,2024,Neutral,0.1452,0.2895,0.2832,,0.0325,IMPROVED,False,
ID_664023,664023,2024,Slight buy,0.1266,0.2882,0.3031,IMPROVED,0.072,IMPROVED,True,True
ID_664034,664034,2024,Neutral,0.0046,0.3086,0.3548,,0.0002,FLAT,False,
ID_664056,664056,2024,Sell high,-0.1682,0.3021,0.3087,DECLINED,0.0252,IMPROVED,True,False
ID_664728,664728,2024,Neutral,0.0298,0.2904,0.2811,,0.0117,FLAT,False,
ID_664761,664761,2024,Sell high,-0.3892,0.4361,0.3888,DECLINED,-0.1005,DECLINED,True,True
ID_664774,664774,2024,Sell high,-0.4543,0.4022,0.3855,DECLINED,-0.0516,DECLINED,True,True
ID_664913,664913,2024,Slight buy,0.1016,0.2345,0.2783,IMPROVED,0.0806,IMPROVED,True,True
ID_664983,664983,2024,Sell high,-0.169,0.3274,0.2769,DECLINED,0.0326,IMPROVED,True,False
ID_665161,665161,2024,Sell high,-0.2448,0.3767,0.3692,DECLINED,-0.0703,DECLINED,True,True
ID_665487,665487,2024,Buy low,0.4182,0.3326,0.399,IMPROVED,0.0483,IMPROVED,True,True
ID_665489,665489,2024,Buy low,0.3345,0.3359,0.3648,IMPROVED,0.0886,IMPROVED,True,True
ID_665742,665742,2024,Neutral,0.0237,0.4374,0.4523,,0.0031,FLAT,False,
ID_665750,665750,2024,Buy low,0.2348,0.2689,0.2985,IMPROVED,0.0197,IMPROVED,True,True
ID_665804,665804,2024,Buy low,0.1538,0.2759,0.2872,IMPROVED,-0.0204,DECLINED,True,False
ID_665828,665828,2024,Neutral,-0.0677,0.3128,0.2846,,-0.0225,DECLINED,False,
ID_665833,665833,2024,Neutral,-0.0538,0.2654,0.2685,,0.0795,IMPROVED,False,
ID_665862,665862,2024,Neutral,0.0144,0.3112,0.3153,,0.0332,IMPROVED,False,
ID_665926,665926,2024,Sell high,-0.2651,0.3514,0.2993,DECLINED,-0.0811,DECLINED,True,True
ID_666158,666158,2024,Buy low,0.2674,0.2523,0.2646,IMPROVED,0.0727,IMPROVED,True,True
ID_666181,666181,2024,Neutral,-0.0366,0.3132,0.2857,,-0.0308,DECLINED,False,
ID_666182,666182,2024,Buy low,0.5055,0.2667,0.2684,IMPROVED,0.0059,FLAT,False,
ID_666310,666310,2024,Slight sell,-0.1389,0.3,0.2428,DECLINED,-0.0242,DECLINED,True,True
ID_666397,666397,2024,Neutral,0.0618,0.3624,0.3175,,-0.1239,DECLINED,False,
ID_666624,666624,2024,Buy low,0.2703,0.2841,0.3422,IMPROVED,0.0295,IMPROVED,True,True
ID_666969,666969,2024,Neutral,-0.0347,0.3618,0.3724,,-0.1031,DECLINED,False,
ID_666971,666971,2024,Buy low,0.2388,0.3125,0.3282,IMPROVED,0.0014,FLAT,False,
ID_667670,667670,2024,Neutral,0.1207,0.3436,0.3317,,0.082,IMPROVED,False,
ID_668227,668227,2024,Buy low,0.664,0.2066,0.2648,IMPROVED,0.1621,IMPROVED,True,True
ID_668709,668709,2024,Slight sell,-0.0927,0.3178,0.2867,DECLINED,0.0224,IMPROVED,True,False
ID_668715,668715,2024,Neutral,0.1478,0.3986,0.3666,,-0.0671,DECLINED,False,
ID_668804,668804,2024,Slight buy,0.1406,0.3446,0.3836,IMPROVED,0.042,IMPROVED,True,True
ID_668930,668930,2024,Sell high,-0.3203,0.3684,0.3201,DECLINED,-0.0655,DECLINED,True,True
ID_668939,668939,2024,Sell high,-0.1588,0.3724,0.3735,DECLINED,-0.0448,DECLINED,True,True
ID_668942,668942,2024,Slight sell,-0.0934,0.3815,0.3878,DECLINED,-0.0945,DECLINED,True,True
ID_669004,669004,2024,Buy low,0.3549,0.2748,0.3246,IMPROVED,0.004,FLAT,False,
ID_669016,669016,2024,Neutral,-0.02,0.3544,0.3651,,-0.032,DECLINED,False,
ID_669127,669127,2024,Buy low,0.4141,0.2718,0.3482,IMPROVED,0.0533,IMPROVED,True,True
ID_669134,669134,2024,Neutral,0.0064,0.3201,0.2884,,-0.03,DECLINED,False,
ID_669257,669257,2024,Sell high,-0.3001,0.4094,0.3675,DECLINED,-0.1029,DECLINED,True,True
ID_669261,669261,2024,Buy low,0.439,0.2492,0.3081,IMPROVED,0.0306,IMPROVED,True,True
ID_669289,669289,2024,Buy low,0.1996,0.2512,0.2506,IMPROVED,0.0694,IMPROVED,True,True
ID_669357,669357,2024,Buy low,0.1994,0.273,0.3135,IMPROVED,0.0336,IMPROVED,True,True
ID_669701,669701,2024,Sell high,-0.4948,0.4103,0.364,DECLINED,-0.056,DECLINED,True,True
ID_669707,669707,2024,Buy low,0.1882,0.2776,0.2949,IMPROVED,0.0021,FLAT,False,
ID_670032,670032,2024,Neutral,0.0296,0.2963,0.275,,0.0013,FLAT,False,
ID_670541,670541,2024,Buy low,0.6385,0.3526,0.4197,IMPROVED,0.0506,IMPROVED,True,True
ID_670623,670623,2024,Sell high,-0.1794,0.3567,0.3008,DECLINED,-0.013,FLAT,False,
ID_671277,671277,2024,Slight buy,0.1368,0.3056,0.3493,IMPROVED,0.0212,IMPROVED,True,True
ID_671289,671289,2024,Buy low,0.1587,0.3292,0.3323,IMPROVED,-0.0272,DECLINED,True,False
ID_671732,671732,2024,Neutral,0.0262,0.3154,0.3635,,0.0676,IMPROVED,False,
ID_671739,671739,2024,Sell high,-0.1962,0.3481,0.3189,DECLINED,-0.0752,DECLINED,True,True
ID_672275,672275,2024,Slight sell,-0.1325,0.3128,0.3555,DECLINED,0.0058,FLAT,False,
ID_672284,672284,2024,Sell high,-0.3384,0.3477,0.2916,DECLINED,-0.0429,DECLINED,True,True
ID_672386,672386,2024,Buy low,0.604,0.242,0.2949,IMPROVED,0.0603,IMPROVED,True,True
ID_672515,672515,2024,Buy low,0.3651,0.2844,0.3128,IMPROVED,0.0414,IMPROVED,True,True
ID_672580,672580,2024,Buy low,0.2793,0.3054,0.339,IMPROVED,-0.027,DECLINED,True,False
ID_673237,673237,2024,Neutral,-0.0214,0.3612,0.3206,,-0.0286,DECLINED,False,
ID_673490,673490,2024,Neutral,0.1282,0.3106,0.3088,,0.0145,FLAT,False,
ID_676059,676059,2024,Neutral,0.0008,0.3791,0.426,,-0.0377,DECLINED,False,
ID_676369,676369,2024,Slight sell,-0.098,0.3114,0.2915,DECLINED,-0.0395,DECLINED,True,True
ID_676475,676475,2024,Neutral,-0.0654,0.3624,0.3728,,-0.0122,FLAT,False,
ID_676609,676609,2024,Sell high,-0.2019,0.2987,0.3072,DECLINED,0.0162,IMPROVED,True,False
ID_676801,676801,2024,Neutral,-0.0712,0.3016,0.2658,,-0.019,DECLINED,False,
ID_676914,676914,2024,Neutral,0.0115,0.323,0.351,,-0.0334,DECLINED,False,
ID_677587,677587,2024,Neutral,0.0451,0.2792,0.2918,,-0.0016,FLAT,False,
ID_677594,677594,2024,Neutral,-0.039,0.2975,0.295,,0.036,IMPROVED,False,
ID_677800,677800,2024,Sell high,-0.2965,0.3798,0.3166,DECLINED,-0.0519,DECLINED,True,True
ID_677942,677942,2024,Sell high,-0.279,0.4409,0.3168,DECLINED,-0.197,DECLINED,True,True
ID_677951,677951,2024,Neutral,-0.0249,0.3962,0.4193,,0.0422,IMPROVED,False,
ID_678662,678662,2024,Slight sell,-0.098,0.3294,0.2688,DECLINED,0.0225,IMPROVED,True,False
ID_678882,678882,2024,Buy low,0.175,0.2629,0.2746,IMPROVED,0.0765,IMPROVED,True,True
ID_679032,679032,2024,Neutral,-0.0718,0.3064,0.2538,,-0.0453,DECLINED,False,
ID_679529,679529,2024,Neutral,0.0746,0.2673,0.2481,,-0.0093,FLAT,False,
ID_680700,680700,2024,Sell high,-0.4566,0.3917,0.348,DECLINED,-0.1048,DECLINED,True,True
ID_680757,680757,2024,Neutral,-0.0732,0.3818,0.359,,-0.0028,FLAT,False,
ID_680776,680776,2024,Neutral,-0.0012,0.3201,0.3235,,0.0806,IMPROVED,False,
ID_680777,680777,2024,Sell high,-0.2182,0.433,0.3459,DECLINED,-0.1366,DECLINED,True,True
ID_680869,680869,2024,Slight buy,0.1123,0.2596,0.2804,IMPROVED,0.0166,IMPROVED,True,True
ID_680977,680977,2024,Buy low,0.53,0.2963,0.3451,IMPROVED,0.0428,IMPROVED,True,True
ID_681082,681082,2024,Buy low,0.2997,0.3025,0.3079,IMPROVED,0.0127,FLAT,False,
ID_681297,681297,2024,Sell high,-0.4226,0.4088,0.3893,DECLINED,-0.0962,DECLINED,True,True
ID_681351,681351,2024,Neutral,-0.0549,0.3273,0.3375,,0.0404,IMPROVED,False,
ID_682829,682829,2024,Slight sell,-0.1302,0.4293,0.406,DECLINED,-0.0811,DECLINED,True,True
ID_682928,682928,2024,Neutral,0.0424,0.412,0.4091,,-0.0958,DECLINED,False,
ID_682985,682985,2024,Slight buy,0.1196,0.375,0.3923,IMPROVED,-0.0175,DECLINED,True,False
ID_682998,682998,2024,Buy low,0.2854,0.3,0.2997,IMPROVED,0.018,IMPROVED,True,True
ID_683002,683002,2024,Slight sell,-0.101,0.4196,0.3842,DECLINED,-0.0208,DECLINED,True,True
ID_683011,683011,2024,Sell high,-0.2476,0.3541,0.3203,DECLINED,-0.0558,DECLINED,True,True
ID_683734,683734,2024,Buy low,0.3416,0.238,0.2694,IMPROVED,0.0847,IMPROVED,True,True
ID_683737,683737,2024,Neutral,0.0083,0.3574,0.3734,,-0.0059,FLAT,False,
ID_686217,686217,2024,Neutral,-0.0522,0.3216,0.2898,,-0.0035,FLAT,False,
ID_686469,686469,2024,Buy low,0.4504,0.314,0.361,IMPROVED,0.0124,FLAT,False,
ID_686668,686668,2024,Sell high,-0.2792,0.337,0.2888,DECLINED,0.0116,FLAT,False,
ID_686823,686823,2024,Neutral,0.0233,0.3318,0.3205,,-0.0273,DECLINED,False,
ID_687263,687263,2024,Neutral,-0.0308,0.2843,0.2825,,0.0636,IMPROVED,False,
ID_687401,687401,2024,Slight sell,-0.1018,0.3389,0.3132,DECLINED,-0.0078,FLAT,False,
ID_690993,690993,2024,Buy low,0.7906,0.2098,0.3054,IMPROVED,0.1626,IMPROVED,True,True
ID_691026,691026,2024,Sell high,-0.3223,0.3392,0.318,DECLINED,-0.0213,DECLINED,True,True
ID_694192,694192,2024,Neutral,0.086,0.2984,0.264,,0.0455,IMPROVED,False,
ID_694384,694384,2024,Buy low,0.2728,0.3057,0.3003,IMPROVED,0.0366,IMPROVED,True,True
ID_694671,694671,2024,Neutral,0.0792,0.3215,0.3164,,-0.012,FLAT,False,
ID_696285,696285,2024,Slight sell,-0.1416,0.3195,0.3108,DECLINED,-0.0326,DECLINED,True,True
ID_701538,701538,2024,Buy low,0.1984,0.3196,0.3369,IMPROVED,0.0289,IMPROVED,True,True
ID_702358,702358,2024,Sell high,-0.3384,0.3565,0.2949,DECLINED,-0.1391,DECLINED,True,True
ID_807799,807799,2024,Neutral,-0.075,0.3697,0.3189,,-0.0264,DECLINED,False,
ID_457705,457705,2025,Sell high,-0.1951,0.3632,0.3635,DECLINED,-0.0657,DECLINED,True,True
ID_467793,467793,2025,Neutral,-0.0188,0.2752,0.27,,0.0386,IMPROVED,False,
ID_502054,502054,2025,Buy low,0.2818,0.2292,0.236,IMPROVED,0.1713,IMPROVED,True,True
ID_502671,502671,2025,Sell high,-0.5154,0.3862,0.3676,DECLINED,-0.0712,DECLINED,True,True
ID_514888,514888,2025,Neutral,-0.063,0.324,0.2634,,0.0429,IMPROVED,False,
ID_518692,518692,2025,Slight sell,-0.1077,0.4451,0.4524,DECLINED,-0.0917,DECLINED,True,True
ID_521692,521692,2025,Buy low,0.267,0.2967,0.3948,IMPROVED,0.0403,IMPROVED,True,True
ID_527038,527038,2025,Neutral,0.034,0.306,0.2819,,0.0168,IMPROVED,False,
ID_542303,542303,2025,Neutral,-0.0372,0.4122,0.4254,,-0.0893,DECLINED,False,
ID_543760,543760,2025,Buy low,0.5949,0.2407,0.3087,IMPROVED,0.0888,IMPROVED,True,True
ID_543807,543807,2025,Sell high,-0.3512,0.3887,0.3542,DECLINED,0.0026,FLAT,False,
ID_545361,545361,2025,Buy low,0.6321,0.3021,0.3565,IMPROVED,0.0725,IMPROVED,True,True
ID_547180,547180,2025,Buy low,0.3461,0.3496,0.3694,IMPROVED,0.0458,IMPROVED,True,True
ID_553993,553993,2025,Buy low,0.2035,0.3712,0.3619,IMPROVED,0.0199,IMPROVED,True,True
ID_571448,571448,2025,Neutral,0.065,0.3307,0.2951,,-0.0447,DECLINED,False,
ID_571657,571657,2025,Neutral,0.0624,0.2792,0.2487,,-0.0098,FLAT,False,
ID_571970,571970,2025,Slight sell,-0.0888,0.2802,0.315,DECLINED,0.1264,IMPROVED,True,False
ID_572233,572233,2025,Buy low,0.2563,0.2887,0.2897,IMPROVED,0.0258,IMPROVED,True,True
ID_573262,573262,2025,Sell high,-0.4261,0.4,0.3437,DECLINED,-0.1151,DECLINED,True,True
ID_575929,575929,2025,Slight buy,0.1208,0.2859,0.3251,IMPROVED,0.0851,IMPROVED,True,True
ID_578428,578428,2025,Neutral,-0.0048,0.3225,0.2741,,-0.0577,DECLINED,False,
ID_592206,592206,2025,Neutral,0.0434,0.3287,0.3422,,-0.0044,FLAT,False,
ID_592450,592450,2025,Sell high,-0.5595,0.5354,0.49,DECLINED,-0.1017,DECLINED,True,True
ID_592518,592518,2025,Slight buy,0.1063,0.3303,0.3816,IMPROVED,0.0655,IMPROVED,True,True
ID_592663,592663,2025,Slight buy,0.0842,0.3047,0.3229,IMPROVED,0.0221,IMPROVED,True,True
ID_592885,592885,2025,Buy low,0.1878,0.3235,0.3268,IMPROVED,0.027,IMPROVED,True,True
ID_593428,593428,2025,Neutral,0.059,0.3091,0.2917,,0.0215,IMPROVED,False,
ID_593871,593871,2025,Neutral,-0.0588,0.5138,0.4848,,-0.2304,DECLINED,False,
ID_595879,595879,2025,Sell high,-0.4521,0.3395,0.2612,DECLINED,-0.0334,DECLINED,True,True
ID_596019,596019,2025,Slight sell,-0.1002,0.3887,0.3609,DECLINED,-0.0897,DECLINED,True,True
ID_596115,596115,2025,Slight sell,-0.1101,0.3076,0.3158,DECLINED,0.0018,FLAT,False,
ID_596146,596146,2025,Slight buy,0.107,0.3315,0.3552,IMPROVED,-0.0574,DECLINED,True,False
ID_602104,602104,2025,Sell high,-0.1542,0.3451,0.286,DECLINED,-0.0528,DECLINED,True,True
ID_605137,605137,2025,Buy low,0.7971,0.2368,0.2751,IMPROVED,0.1141,IMPROVED,True,True
ID_605141,605141,2025,Buy low,0.3917,0.3276,0.3142,IMPROVED,-0.0286,DECLINED,True,False
ID_606192,606192,2025,Neutral,-0.0172,0.4246,0.3862,,-0.1375,DECLINED,False,
ID_607043,607043,2025,Buy low,0.3787,0.285,0.3229,IMPROVED,0.0767,IMPROVED,True,True
ID_607208,607208,2025,Neutral,-0.0462,0.3345,0.2929,,0.0232,IMPROVED,False,
ID_608070,608070,2025,Buy low,0.2252,0.3387,0.327,IMPROVED,0.0576,IMPROVED,True,True
ID_608324,608324,2025,Sell high,-0.3154,0.4264,0.3559,DECLINED,-0.0554,DECLINED,True,True
ID_608369,608369,2025,Buy low,0.247,0.3512,0.3997,IMPROVED,0.023,IMPROVED,True,True
ID_609280,609280,2025,Slight sell,-0.0956,0.3588,0.3091,DECLINED,-0.0301,DECLINED,True,True
ID_621020,621020,2025,Buy low,0.3264,0.2898,0.3112,IMPROVED,0.0388,IMPROVED,True,True
ID_621043,621043,2025,Buy low,0.4561,0.2643,0.28,IMPROVED,0.0755,IMPROVED,True,True
ID_621438,621438,2025,Neutral,0.0528,0.2718,0.2986,,-0.0246,DECLINED,False,
ID_621439,621439,2025,Neutral,-0.0186,0.3162,0.308,,0.1048,IMPROVED,False,
ID_621493,621493,2025,Buy low,0.4522,0.2798,0.2985,IMPROVED,0.0855,IMPROVED,True,True
ID_621566,621566,2025,Buy low,0.3043,0.3469,0.3981,IMPROVED,0.0157,IMPROVED,True,True
ID_624413,624413,2025,Sell high,-0.3454,0.4734,0.4709,DECLINED,-0.157,DECLINED,True,True
ID_624424,624424,2025,Buy low,0.4202,0.2613,0.3097,IMPROVED,0.0473,IMPROVED,True,True
ID_624428,624428,2025,Neutral,0.0046,0.287,0.2693,,0.0148,FLAT,False,
ID_624585,624585,2025,Neutral,-0.0166,0.3335,0.2968,,-0.0347,DECLINED,False,
ID_641355,641355,2025,Buy low,0.3684,0.2843,0.2864,IMPROVED,0.1099,IMPROVED,True,True
ID_641487,641487,2025,Sell high,-0.222,0.3711,0.3731,DECLINED,-0.0504,DECLINED,True,True
ID_641680,641680,2025,Neutral,-0.0336,0.3464,0.3333,,-0.088,DECLINED,False,
ID_641857,641857,2025,Buy low,0.5516,0.2426,0.2536,IMPROVED,0.1127,IMPROVED,True,True
ID_642715,642715,2025,Slight buy,0.0764,0.2763,0.2972,IMPROVED,0.0762,IMPROVED,True,True
ID_643217,643217,2025,Neutral,0.0886,0.3294,0.3003,,-0.0018,FLAT,False,
ID_643396,643396,2025,Sell high,-0.1781,0.3059,0.2795,DECLINED,-0.013,FLAT,False,
ID_645277,645277,2025,Buy low,0.2528,0.2925,0.2699,IMPROVED,0.0057,FLAT,False,
ID_646240,646240,2025,Buy low,0.2324,0.349,0.3955,IMPROVED,0.0199,IMPROVED,True,True
ID_647304,647304,2025,Slight sell,-0.1276,0.3928,0.3563,DECLINED,-0.0594,DECLINED,True,True
ID_650333,650333,2025,Buy low,0.1531,0.3351,0.2848,IMPROVED,-0.0135,FLAT,False,
ID_650402,650402,2025,Buy low,0.2109,0.3271,0.3617,IMPROVED,0.0424,IMPROVED,True,True
ID_650490,650490,2025,Buy low,0.3116,0.303,0.3269,IMPROVED,0.077,IMPROVED,True,True
ID_650859,650859,2025,Buy low,0.2102,0.269,0.2836,IMPROVED,0.0203,IMPROVED,True,True
ID_656305,656305,2025,Neutral,0.0558,0.3361,0.3244,,0.0205,IMPROVED,False,
ID_656555,656555,2025,Sell high,-0.2486,0.3731,0.3521,DECLINED,-0.0502,DECLINED,True,True
ID_656716,656716,2025,Sell high,-0.6235,0.3844,0.337,DECLINED,-0.0459,DECLINED,True,True
ID_656775,656775,2025,Slight sell,-0.1344,0.4113,0.3511,DECLINED,-0.1346,DECLINED,True,True
ID_656811,656811,2025,Neutral,-0.07,0.391,0.3918,,-0.0322,DECLINED,False,
ID_656941,656941,2025,Neutral,0.1197,0.4045,0.405,,-0.0019,FLAT,False,
ID_656976,656976,2025,Sell high,-0.8865,0.4786,0.386,DECLINED,-0.178,DECLINED,True,True
ID_657757,657757,2025,Sell high,-0.1515,0.3351,0.3143,DECLINED,-0.0127,FLAT,False,
ID_660271,660271,2025,Slight buy,0.1402,0.3924,0.4095,IMPROVED,0.0153,IMPROVED,True,True
ID_660688,660688,2025,Slight sell,-0.148,0.3423,0.3283,DECLINED,-0.109,DECLINED,True,True
ID_661388,661388,2025,Neutral,0.0278,0.3456,0.3023,,-0.0209,DECLINED,False,
ID_663457,663457,2025,Neutral,-0.0557,0.3832,0.3831,,-0.0962,DECLINED,False,
ID_663538,663538,2025,Neutral,-0.0279,0.3361,0.289,,-0.0058,FLAT,False,
ID_663586,663586,2025,Neutral,-0.0363,0.3485,0.3386,,-0.0292,DECLINED,False,
ID_663616,663616,2025,Neutral,0.0776,0.3276,0.3194,,-0.0018,FLAT,False,
ID_663624,663624,2025,Buy low,0.3954,0.276,0.2877,IMPROVED,0.0535,IMPROVED,True,True
ID_663647,663647,2025,Neutral,0.0622,0.2836,0.311,,-0.0192,DECLINED,False,
ID_663656,663656,2025,Neutral,0.1004,0.4114,0.4124,,-0.0336,DECLINED,False,
ID_663697,663697,2025,Buy low,0.336,0.2787,0.3338,IMPROVED,0.0313,IMPROVED,True,True
ID_663698,663698,2025,Sell high,-0.5136,0.3725,0.3176,DECLINED,-0.1067,DECLINED,True,True
ID_663728,663728,2025,Neutral,0.0604,0.3844,0.3685,,0.0271,IMPROVED,False,
ID_663757,663757,2025,Neutral,-0.0208,0.4463,0.3936,,-0.0895,DECLINED,False,
ID_663993,663993,2025,Neutral,-0.0339,0.3457,0.332,,-0.0602,DECLINED,False,
ID_664023,664023,2025,Neutral,0.0619,0.3423,0.3632,,-0.0258,DECLINED,False,
ID_664034,664034,2025,Neutral,0.0457,0.3447,0.3846,,-0.0472,DECLINED,False,
ID_664040,664040,2025,Buy low,0.233,0.2649,0.3368,IMPROVED,0.1323,IMPROVED,True,True
ID_664056,664056,2025,Slight sell,-0.103,0.3337,0.285,DECLINED,0.0147,FLAT,False,
ID_664728,664728,2025,Neutral,-0.0067,0.265,0.1883,,0.0318,IMPROVED,False,
ID_664761,664761,2025,Buy low,0.495,0.2361,0.2992,IMPROVED,0.1245,IMPROVED,True,True
ID_664774,664774,2025,Buy low,0.5632,0.2375,0.2841,IMPROVED,0.0276,IMPROVED,True,True
ID_665161,665161,2025,Neutral,-0.0302,0.3512,0.3553,,0.0543,IMPROVED,False,
ID_665487,665487,2025,Sell high,-0.2366,0.4571,0.435,DECLINED,-0.1194,DECLINED,True,True
ID_665489,665489,2025,Buy low,0.2915,0.3523,0.3871,IMPROVED,0.0497,IMPROVED,True,True
ID_665742,665742,2025,Buy low,0.2278,0.3522,0.3526,IMPROVED,0.0483,IMPROVED,True,True
ID_665833,665833,2025,Neutral,0.0313,0.3783,0.4085,,-0.0699,DECLINED,False,
ID_665862,665862,2025,Buy low,0.2596,0.3276,0.3334,IMPROVED,0.0525,IMPROVED,True,True
ID_665926,665926,2025,Buy low,0.4889,0.2476,0.3056,IMPROVED,0.0842,IMPROVED,True,True
ID_665966,665966,2025,Neutral,0.049,0.2964,0.2973,,0.0544,IMPROVED,False,
ID_666018,666018,2025,Slight sell,-0.1418,0.399,0.4051,DECLINED,-0.017,DECLINED,True,True
ID_666134,666134,2025,Buy low,0.2464,0.2604,0.3199,IMPROVED,0.0326,IMPROVED,True,True
ID_666149,666149,2025,Sell high,-0.4443,0.3544,0.2545,DECLINED,-0.109,DECLINED,True,True
ID_666158,666158,2025,Sell high,-0.4691,0.3789,0.3425,DECLINED,-0.0739,DECLINED,True,True
ID_666160,666160,2025,Buy low,0.3118,0.3,0.3385,IMPROVED,0.081,IMPROVED,True,True
ID_666176,666176,2025,Buy low,0.3024,0.2416,0.3052,IMPROVED,0.1277,IMPROVED,True,True
ID_666182,666182,2025,Buy low,0.1614,0.3105,0.3597,IMPROVED,0.0474,IMPROVED,True,True
ID_666624,666624,2025,Sell high,-0.3307,0.3389,0.3344,DECLINED,-0.0667,DECLINED,True,True
ID_666969,666969,2025,Buy low,0.1915,0.3021,0.3434,IMPROVED,-0.0123,FLAT,False,
ID_666971,666971,2025,Buy low,0.7052,0.2385,0.291,IMPROVED,0.0961,IMPROVED,True,True
ID_667670,667670,2025,Slight buy,0.1152,0.3511,0.3742,IMPROVED,0.026,IMPROVED,True,True
ID_668227,668227,2025,Neutral,0.0655,0.3427,0.3523,,0.0236,IMPROVED,False,
ID_668709,668709,2025,Neutral,-0.0049,0.2984,0.2795,,-0.0173,DECLINED,False,
ID_668715,668715,2025,Buy low,0.4879,0.255,0.2776,IMPROVED,0.0793,IMPROVED,True,True
ID_668804,668804,2025,Neutral,0.0314,0.2835,0.3234,,0.0134,FLAT,False,
ID_668901,668901,2025,Neutral,0.1222,0.3182,0.2984,,-0.0341,DECLINED,False,
ID_668930,668930,2025,Sell high,-0.3719,0.3761,0.3478,DECLINED,-0.0722,DECLINED,True,True
ID_668939,668939,2025,Buy low,0.3982,0.3217,0.3801,IMPROVED,-0.0109,FLAT,False,
ID_669065,669065,2025,Sell high,-0.4552,0.3919,0.3712,DECLINED,0.0152,IMPROVED,True,False
ID_669127,669127,2025,Neutral,0.0357,0.3398,0.3401,,0.0032,FLAT,False,
ID_669224,669224,2025,Buy low,0.2336,0.3124,0.2945,IMPROVED,-0.0117,FLAT,False,
ID_669242,669242,2025,Neutral,0.0636,0.3625,0.3833,,-0.0755,DECLINED,False,
ID_669257,669257,2025,Slight sell,-0.1497,0.3788,0.3428,DECLINED,0.04,IMPROVED,True,False
ID_669364,669364,2025,Neutral,0.0314,0.2933,0.2792,,0.0527,IMPROVED,False,
ID_669394,669394,2025,Buy low,0.4958,0.2401,0.2859,IMPROVED,0.0817,IMPROVED,True,True
ID_669701,669701,2025,Sell high,-0.4064,0.383,0.3225,DECLINED,-0.0482,DECLINED,True,True
ID_669911,669911,2025,Neutral,-0.0696,0.2647,0.2641,,0.021,IMPROVED,False,
ID_670224,670224,2025,Sell high,-0.423,0.403,0.3051,DECLINED,-0.1985,DECLINED,True,True
ID_670623,670623,2025,Neutral,-0.0476,0.3477,0.3317,,0.0258,IMPROVED,False,
ID_670764,670764,2025,Slight buy,0.1232,0.2247,0.2483,IMPROVED,0.0792,IMPROVED,True,True
ID_670770,670770,2025,Neutral,-0.0355,0.3164,0.2805,,0.0506,IMPROVED,False,
ID_671218,671218,2025,Neutral,-0.0597,0.3287,0.3204,,0.0133,FLAT,False,
ID_671277,671277,2025,Buy low,0.3297,0.2972,0.3361,IMPROVED,0.0231,IMPROVED,True,True
ID_671732,671732,2025,Slight sell,-0.0934,0.3336,0.2933,DECLINED,-0.0241,DECLINED,True,True
ID_671739,671739,2025,Buy low,0.3725,0.2704,0.3056,IMPROVED,0.001,FLAT,False,
ID_672275,672275,2025,Neutral,0.094,0.2092,0.2213,,0.067,IMPROVED,False,
ID_672356,672356,2025,Sell high,-0.3356,0.3333,0.3058,DECLINED,-0.046,DECLINED,True,True
ID_672386,672386,2025,Buy low,0.4197,0.2683,0.2948,IMPROVED,0.1037,IMPROVED,True,True
ID_672515,672515,2025,Buy low,0.3044,0.2738,0.32,IMPROVED,0.1012,IMPROVED,True,True
ID_672580,672580,2025,Neutral,0.0087,0.3284,0.3437,,0.039,IMPROVED,False,
ID_672640,672640,2025,Buy low,0.2247,0.2937,0.3456,IMPROVED,0.0607,IMPROVED,True,True
ID_672695,672695,2025,Neutral,0.0781,0.3559,0.3446,,-0.0014,FLAT,False,
ID_672820,672820,2025,Neutral,-0.0168,0.314,0.3182,,0.0176,IMPROVED,False,
ID_673237,673237,2025,Buy low,0.5202,0.2437,0.2661,IMPROVED,0.0907,IMPROVED,True,True
ID_673357,673357,2025,Buy low,0.2386,0.3083,0.3084,IMPROVED,-0.0032,FLAT,False,
ID_673548,673548,2025,Sell high,-0.2388,0.4259,0.3825,DECLINED,-0.0872,DECLINED,True,True
ID_673962,673962,2025,Sell high,-0.171,0.3483,0.2968,DECLINED,-0.0534,DECLINED,True,True
ID_676059,676059,2025,Buy low,0.3174,0.2949,0.3201,IMPROVED,0.1104,IMPROVED,True,True
ID_676475,676475,2025,Neutral,-0.0722,0.272,0.2299,,0.1119,IMPROVED,False,
ID_676572,676572,2025,Neutral,0.0505,0.3154,0.3644,,-0.0457,DECLINED,False,
ID_676694,676694,2025,Neutral,-0.0277,0.2854,0.2705,,0.0939,IMPROVED,False,
ID_677587,677587,2025,Buy low,0.1639,0.2428,0.3068,IMPROVED,0.034,IMPROVED,True,True
ID_677594,677594,2025,Buy low,0.3432,0.3137,0.3354,IMPROVED,0.0292,IMPROVED,True,True
ID_677800,677800,2025,Slight sell,-0.0938,0.4061,0.3915,DECLINED,-0.096,DECLINED,True,True
ID_677950,677950,2025,Sell high,-0.3029,0.3394,0.3332,DECLINED,-0.0528,DECLINED,True,True
ID_677951,677951,2025,Slight sell,-0.1254,0.3963,0.3584,DECLINED,-0.0506,DECLINED,True,True
ID_678246,678246,2025,Neutral,0.0384,0.2773,0.2842,,0.0466,IMPROVED,False,
ID_678882,678882,2025,Buy low,0.1523,0.2769,0.3317,IMPROVED,0.0637,IMPROVED,True,True
ID_679529,679529,2025,Neutral,0.0458,0.3771,0.3961,,-0.0428,DECLINED,False,
ID_680574,680574,2025,Buy low,0.4295,0.2835,0.3233,IMPROVED,0.0176,IMPROVED,True,True
ID_680757,680757,2025,Neutral,-0.0126,0.3673,0.3352,,-0.0448,DECLINED,False,
ID_680776,680776,2025,Neutral,-0.0522,0.3396,0.3241,,0.0253,IMPROVED,False,
ID_680777,680777,2025,Neutral,0.0108,0.3287,0.3501,,0.0053,FLAT,False,
ID_680977,680977,2025,Neutral,0.0184,0.3772,0.412,,-0.0527,DECLINED,False,
ID_681082,681082,2025,Sell high,-0.2545,0.3574,0.2994,DECLINED,-0.0906,DECLINED,True,True
ID_681351,681351,2025,Slight sell,-0.1354,0.3704,0.3246,DECLINED,-0.0761,DECLINED,True,True
ID_681481,681481,2025,Neutral,0.1313,0.3635,0.3529,,-0.01,FLAT,False,
ID_681624,681624,2025,Slight sell,-0.0864,0.3825,0.3065,DECLINED,-0.0507,DECLINED,True,True
ID_682829,682829,2025,Sell high,-0.1563,0.3474,0.3319,DECLINED,0.0316,IMPROVED,True,False
ID_682985,682985,2025,Neutral,0.03,0.3242,0.2928,,0.0562,IMPROVED,False,
ID_682998,682998,2025,Neutral,0.0542,0.4106,0.4085,,-0.0648,DECLINED,False,
ID_683002,683002,2025,Buy low,0.221,0.2907,0.3032,IMPROVED,0.0929,IMPROVED,True,True
ID_683011,683011,2025,Neutral,-0.0382,0.3439,0.3369,,-0.0569,DECLINED,False,
ID_683734,683734,2025,Buy low,0.6544,0.2174,0.3088,IMPROVED,0.1484,IMPROVED,True,True
ID_683737,683737,2025,Sell high,-0.3048,0.4079,0.3474,DECLINED,-0.0239,DECLINED,True,True
ID_686217,686217,2025,Sell high,-0.2428,0.366,0.3127,DECLINED,-0.0358,DECLINED,True,True
ID_686469,686469,2025,Buy low,0.6707,0.2516,0.2773,IMPROVED,0.1257,IMPROVED,True,True
ID_686668,686668,2025,Buy low,0.1568,0.3111,0.3361,IMPROVED,-0.0528,DECLINED,True,False
ID_686681,686681,2025,Buy low,0.5247,0.1898,0.241,IMPROVED,0.0442,IMPROVED,True,True
ID_686780,686780,2025,Neutral,-0.0426,0.3075,0.2524,,-0.0719,DECLINED,False,
ID_687363,687363,2025,Sell high,-0.4086,0.3412,0.278,DECLINED,-0.0676,DECLINED,True,True
ID_687401,687401,2025,Buy low,0.3204,0.2261,0.2782,IMPROVED,0.0463,IMPROVED,True,True
ID_690993,690993,2025,Buy low,0.3202,0.2909,0.3358,IMPROVED,0.0568,IMPROVED,True,True
ID_691016,691016,2025,Slight sell,-0.0884,0.3857,0.3797,DECLINED,-0.0664,DECLINED,True,True
ID_691023,691023,2025,Neutral,0.1256,0.2704,0.2664,,0.0363,IMPROVED,False,
ID_691026,691026,2025,Neutral,-0.0494,0.3387,0.3044,,-0.0272,DECLINED,False,
ID_691176,691176,2025,Slight sell,-0.102,0.3159,0.2983,DECLINED,0.0264,IMPROVED,True,False
ID_691406,691406,2025,Neutral,-0.023,0.3625,0.3229,,-0.0128,FLAT,False,
ID_691718,691718,2025,Slight sell,-0.0886,0.3854,0.3375,DECLINED,-0.0128,FLAT,False,
ID_692225,692225,2025,Sell high,-0.5346,0.3935,0.356,DECLINED,-0.1678,DECLINED,True,True
ID_693307,693307,2025,Neutral,-0.0163,0.3268,0.3067,,0.0077,FLAT,False,
ID_694192,694192,2025,Neutral,-0.0384,0.3529,0.2861,,-0.0096,FLAT,False,
ID_694384,694384,2025,Neutral,0.0439,0.332,0.2908,,0.0224,IMPROVED,False,
ID_694671,694671,2025,Slight sell,-0.1156,0.4097,0.3698,DECLINED,-0.1012,DECLINED,True,True
ID_695578,695578,2025,Neutral,0.0284,0.3923,0.3896,,-0.0288,DECLINED,False,
ID_696100,696100,2025,Neutral,-0.0731,0.3695,0.3086,,-0.0076,FLAT,False,
ID_696285,696285,2025,Slight buy,0.0892,0.2821,0.3,IMPROVED,-0.0024,FLAT,False,
ID_700242,700242,2025,Neutral,0.0397,0.276,0.2821,,-0.0139,FLAT,False,
ID_700250,700250,2025,Neutral,-0.032,0.4099,0.3977,,-0.0967,DECLINED,False,
ID_700932,700932,2025,Neutral,0.088,0.3551,0.3273,,-0.0274,DECLINED,False,
ID_701358,701358,2025,Neutral,0.0274,0.3135,0.3185,,0.0097,FLAT,False,
ID_702616,702616,2025,Sell high,-0.1522,0.3261,0.3033,DECLINED,-0.0024,FLAT,False,
ID_805779,805779,2025,Neutral,-0.0242,0.3598,0.3172,,0.0046,FLAT,False,
ID_808982,808982,2025,Sell high,-0.3572,0.4012,0.3443,DECLINED,-0.1142,DECLINED,True,True
