player_id,name,season,pa,wFA/C,wSI/C,wFC/C,wSL/C,wCH/C,wCU/C,wKC/C,wFS/C,wFA_rv,wSI_rv,wFC_rv,wSL_rv,wCH_rv,wCU_rv,wKC_rv,wFS_rv,wFA_pitches,wSI_pitches,wFC_pitches,wSL_pitches,wCH_pitches,wCU_pitches,wKC_pitches,wFS_pitches
545361,"Trout, Mike",2026,91,1.9,0.6,4.4,-1.3,1.6,-3.3,,,8,1,3,-1,1,-2,,,423,105,78,92,78,55,,
686555,"Collins, Isaac",2026,86,-0.6,-0.4,,,-1,,,,-2,0,,,-1,,,,269,83,,,68,,,
663538,"Hoerner, Nico",2026,81,-1.1,2.9,1.1,-0.1,-6.4,0.4,,,-3,5,1,0,-5,0,,,243,165,69,122,72,51,,
686469,"Pasquantino, Vinnie",2026,80,-1.6,1.1,,-2.4,0.2,0.2,,,-4,1,,-2,0,0,,,266,119,,67,86,83,,
802415,"Simpson, Chandler",2026,78,-2.3,0.4,,2.4,-2.4,,,-0.1,-6,0,,1,-2,,,0,258,98,,55,64,,,40
669364,"Edwards, Xavier",2026,77,3.5,1.8,0.8,1.5,0.5,-2.1,,,10,2,1,1,1,-1,,,279,113,67,89,118,69,,
805300,"Marsee, Jakob",2026,77,-1.1,-2.7,0.1,-0.7,2.4,3.1,,,-4,-4,0,-1,2,2,,,312,142,65,89,83,60,,
682829,"De La Cruz, Elly",2026,76,1.9,0.7,1.9,3.3,3.8,-0.2,,-0.4,5,1,1,3,5,0,,0,276,89,48,78,133,135,,53
650333,"Arraez, Luis",2026,75,0.2,0.8,2.2,-2.2,-0.1,10,,,1,1,1,-2,0,4,,,276,166,55,73,55,40,,
666018,"Aranda, Jonathan",2026,75,-0.9,1.8,-0.3,2.9,2.4,5.2,,-1.2,-3,2,0,3,1,4,,-1,333,119,52,98,58,72,,45
683737,"Busch, Michael",2026,75,0.5,1.4,1,-0.3,-0.8,-0.5,,,1,2,1,0,-1,0,,,245,156,79,117,75,73,,
680757,"Kwan, Steven",2026,74,-0.2,0.4,-0.1,-0.2,-3.8,,,-1.3,-1,1,0,0,-3,,,0,322,140,66,85,71,,,25
663757,"Grisham, Trent",2026,74,-1.6,0.9,1.3,0.4,1.6,,,,-5,1,1,0,1,,,,277,119,59,99,61,,,
808959,"Murakami, Munetaka",2026,73,2.8,1.9,5.4,-2.6,5.1,3.4,,,8,2,3,-4,6,3,,,268,121,63,138,117,81,,
672580,"Garcia, Maikel",2026,72,-0.5,-2.6,1.6,-0.2,,6.9,,,-1,-5,1,0,,3,,,247,191,74,79,,45,,
646240,"Devers, Rafael",2026,70,-0.8,0.5,3.4,-3,-5.1,,,5.4,-3,1,2,-2,-4,,,2,343,142,52,80,69,,,34
695657,"Montgomery, Colson",2026,70,-1.3,0.2,13.7,3.8,3.4,2.5,,,-3,0,6,3,3,2,,,254,112,46,80,87,67,,
672960,"Okamoto, Kazuma",2026,70,3.6,-1.8,-3.5,1,0.2,-2.4,,,7,-3,-3,1,0,-2,,,193,173,88,108,61,69,,
668804,"Reynolds, Bryan",2026,69,1.7,2.1,-4.1,-2.7,0.7,0,,,4,2,-2,-3,1,0,,,240,116,52,114,146,109,,
663586,"Riley, Austin",2026,69,-0.2,1.3,1.9,-0.8,-2.8,-2.1,,,0,2,1,-1,-3,-1,,,266,135,68,95,92,66,,
802139,"Wetherholt, JJ",2026,68,1.5,1.2,0.7,-2.9,1.6,2.5,,-0.9,4,2,1,-3,2,2,,0,254,134,72,103,102,69,,33
607043,"Nimmo, Brandon",2026,68,0.6,0.9,0,-0.5,-4.7,3,,,2,1,0,0,-3,2,,,270,144,77,97,67,68,,
695578,"Wood, James",2026,68,2.4,2.2,-3.3,3,2.9,-3.4,,,6,3,-2,5,3,-4,,,264,127,55,152,97,109,,
682985,"Greene, Riley",2026,68,0.9,4.1,2.4,3.7,-0.3,-0.1,,-0.7,3,5,2,3,0,0,,0,297,116,69,78,130,57,,48
641487,"Crawford, J.P.",2026,67,0.5,0.3,-3.9,-1.9,2.9,,,,2,0,-3,-2,2,,,,278,120,80,86,56,,,
641355,"Bellinger, Cody",2026,67,0.8,-0.4,3.2,4.1,-1.5,7.9,,3,2,0,2,5,-1,4,,1,243,130,68,127,96,55,,35
687263,"Neto, Zach",2026,67,0.9,-0.6,1.6,0.6,-0.1,-1.9,,,2,-1,1,1,0,-1,,,235,149,68,184,99,55,,
672695,"Perdomo, Geraldo",2026,66,1.1,-1.7,-4.7,-1.2,-1.1,,,-3.3,3,-2,-2,-1,-1,,,-1,280,120,48,66,104,,,36
663728,"Raleigh, Cal",2026,66,-2.3,1.6,-1,-2,1.1,-2.3,,-0.2,-7,1,-1,-2,1,-2,,0,290,49,100,89,105,85,,36
664023,"Happ, Ian",2026,65,0.1,1.1,5.7,2.8,-1.5,-0.6,,1.3,0,1,4,3,-3,0,,1,303,60,77,99,168,74,,45
702284,"Young, Cole",2026,65,-0.7,-0.1,1.4,2.3,-3.3,,,,-2,0,1,2,-3,,,,271,135,57,99,98,,,
678246,"Vargas, Miguel",2026,65,1.5,2.1,-0.1,-0.6,3,4.1,,,4,4,0,-1,2,2,,,259,177,66,130,60,41,,
800050,"DeLauter, Chase",2026,65,0.9,4.1,,6,-2.5,-3.4,,,2,4,,5,-3,-2,,,240,100,,90,110,45,,
686217,"Frelick, Sal",2026,65,-2.2,1.8,0.1,0.4,,,,,-6,2,0,0,,,,,278,93,79,62,,,,
621020,"Swanson, Dansby",2026,64,0.8,1.4,0.9,-3.4,-4.5,,,,2,2,0,-5,-4,,,,202,118,43,160,79,,,
694384,"Schanuel, Nolan",2026,64,0.2,-1.9,-2.6,0.4,-2.3,2.9,,,0,-2,-2,0,-2,2,,,257,102,65,87,97,54,,
621566,"Olson, Matt",2026,64,2.1,2.2,1.7,0.6,-0.1,0.2,,,6,3,2,1,0,0,,,269,152,96,122,108,80,,
808982,"Lee, Jung Hoo",2026,63,2.2,-3.1,,0.3,-0.4,-1.7,,,5,-4,,0,0,-1,,,224,142,,102,58,55,,
694497,"Carter, Evan",2026,63,-1.8,-0.5,,1.7,-3,-2.3,,,-4,-1,,1,-3,-1,,,236,107,,87,111,57,,
656811,"O'Hearn, Ryan",2026,63,2.6,1.8,1.4,-0.3,1.3,-2,,,6,2,1,0,1,-2,,,224,137,62,87,70,86,,
656941,"Schwarber, Kyle",2026,62,3.6,4.5,0.6,0.1,1.1,1.5,,7,7,6,0,0,1,1,,3,201,134,67,178,98,83,,43
670770,"Friedl, TJ",2026,62,-2.2,-1.5,-0.2,-1.7,-4.3,0.3,,,-5,-1,0,-1,-4,0,,,246,85,29,43,97,60,,
665833,"Cruz, Oneil",2026,62,-1.1,-1,3.2,-0.9,-0.5,4.7,,,-3,-1,2,-1,-1,4,,,256,136,54,125,100,79,,
621493,"Ward, Taylor",2026,62,1.8,0.3,1,-1.1,1.6,1.5,,,5,1,1,-1,1,1,,,277,213,95,133,76,55,,
668930,"Turang, Brice",2026,62,0.6,2.2,1.1,2.3,0.5,8.4,,-3.4,2,3,1,2,0,6,,-1,301,136,55,85,90,75,,39
663656,"Tucker, Kyle",2026,62,2.3,-0.3,-1.1,-1.7,-1.5,2,,,4,0,-1,-2,-2,1,,,195,97,69,128,139,58,,
660271,"Ohtani, Shohei",2026,62,-1.1,4.6,2.6,2.4,3.4,-2.4,,,-3,5,1,2,4,-2,,,256,101,58,92,131,68,,
668227,"Arozarena, Randy",2026,61,0.2,1.5,-0.3,0.6,3.7,4,,,0,2,0,1,4,2,,,232,159,75,127,101,42,,
691718,"Crow-Armstrong, Pete",2026,61,-2.2,1.5,,1,-0.6,-1.1,,2.8,-5,1,,1,0,-1,,1,215,92,,128,77,59,,42
592518,"Machado, Manny",2026,61,0.2,-3.1,,1,3.3,-2.5,,,1,-5,,1,2,-1,,,259,178,,95,55,45,,
701807,"Benge, Carson",2026,61,0.2,1,-2.4,0.3,-2.8,0.7,,1.9,0,1,-1,0,-2,0,,1,285,95,59,67,66,60,,27
686948,"Baldwin, Drake",2026,61,3.8,2.2,1.1,1.7,2.6,0.9,,-3.6,9,4,1,2,3,1,,-1,235,161,60,103,97,79,,40
681198,"Rumfield, TJ",2026,60,1.8,-2.5,0.7,1.1,-0.7,-0.8,,,4,-2,0,1,-1,-1,,,234,76,60,88,97,79,,
701538,"Merrill, Jackson",2026,59,-0.7,2.2,-7.2,-1.1,1.1,0.7,,-10.2,-2,2,-4,-1,1,0,,-3,274,114,58,84,108,59,,25
677587,"Rocchio, Brayan",2026,59,2.7,-1.9,0.7,1.6,-2.9,,,,6,-2,0,1,-3,,,,214,110,57,79,119,,,
668885,"Martin, Austin",2026,59,0.6,0,2.4,-0.3,-0.3,,,,1,0,1,0,0,,,,184,142,48,68,68,,,
805808,"McGonigle, Kevin",2026,58,0.4,0.8,0.8,0.4,1.4,0.3,,,1,1,1,0,1,0,,,231,141,93,110,106,96,,
701358,"Smith, Cam",2026,58,1.2,-2.2,-2.9,0.5,-2.5,,,,2,-3,-1,1,-2,,,,187,158,46,120,67,,,
656775,"Mullins, Cedric",2026,58,-3,-1.8,,-0.3,-0.7,,,,-7,-2,,0,0,,,,244,93,,60,60,,,
691016,"Soderstrom, Tyler",2026,58,0.5,-4.4,-1.1,2.2,-0.8,-3,,,1,-6,-1,2,-1,-2,,,176,137,54,108,71,68,,
607208,"Turner, Trea",2026,58,2,-2.1,-3.5,-1.1,-1.2,-0.3,,,4,-3,-2,-2,-1,0,,,216,162,43,132,78,67,,
683146,"Baty, Brett",2026,58,0.3,-0.9,-0.2,-1.9,-2.1,4.5,,-1.8,1,-1,0,-1,-2,3,,-1,244,70,46,61,83,56,,53
689414,"Hicks, Liam",2026,58,-2.2,-0.6,1.2,12.3,3.8,2,,1.8,-4,-1,1,6,3,1,,1,162,114,57,49,85,75,,31
680574,"McLain, Matt",2026,57,-0.8,-0.8,,-0.4,-1.8,-1.1,,,-2,-1,,0,-1,-1,,,254,136,,123,57,65,,
678662,"Tovar, Ezequiel",2026,57,-3.3,-1.6,3.9,-0.9,-3.7,4.4,,,-8,-1,1,-1,-2,1,,,247,75,31,124,49,27,,
647304,"Naylor, Josh",2026,57,1.8,-3.5,0.3,-2.5,-2.9,-0.9,,,3,-4,0,-3,-2,-1,,,159,100,77,114,75,78,,
545121,"Vargas, Ildemaro",2026,57,-0.6,4.8,12.6,-1.1,2.9,-0.5,,,-1,4,6,-1,3,0,,,168,77,47,71,90,61,,
665862,"Chisholm Jr., Jazz",2026,57,-1.3,1.6,-0.4,0.9,-0.5,-4.2,,,-3,1,0,1,0,-3,,,230,93,70,126,101,74,,
671056,"Herrera, Iván",2026,57,0.9,1.3,-2.4,0.3,4.2,2,,,2,2,-2,0,4,1,,,222,184,63,90,97,58,,
669003,"Mitchell, Garrett",2026,57,-0.8,0.4,1.3,-4.2,-1.1,3.1,,,-2,0,1,-3,-1,2,,,221,76,62,73,76,64,,
691023,"Walker, Jordan",2026,56,0.8,0.9,2.9,3.9,5.4,,,,1,1,1,3,5,,,,171,149,48,79,88,,,
666182,"Bichette, Bo",2026,56,-1.1,-2.1,2.1,-0.8,-1.3,2.6,,,-3,-4,1,-1,-1,2,,,248,175,50,109,54,72,,
669016,"Marsh, Brandon",2026,56,1.2,3.7,,-3.5,-1.4,3.9,,0.7,3,2,,-2,-1,3,,0,202,55,,71,60,65,,29
621439,"Buxton, Byron",2026,56,2,0.3,6.1,2.9,-1.8,1.7,,,3,0,3,3,-2,1,,,170,143,43,87,107,46,,
542303,"Ozuna, Marcell",2026,56,-0.7,-2,-2.8,-0.5,0,,,,-2,-3,-2,-1,0,,,,217,161,55,112,93,,,
673962,"Jung, Josh",2026,56,2.5,-3.3,,1.7,1,2.7,,,5,-5,,2,0,1,,,181,157,,93,46,46,,
701762,"Kurtz, Nick",2026,56,1.5,0.5,2.2,1.6,0.2,,,-1.2,4,1,1,2,0,,,-1,264,172,65,149,118,,,51
543760,"Semien, Marcus",2026,55,-0.6,0.2,,-5.2,2.1,-1,,,-1,0,,-7,1,-1,,,172,120,,139,51,49,,
666176,"Adell, Jo",2026,55,2.1,-2.3,-0.1,-1.8,-4.8,5.8,,,4,-3,0,-2,-5,3,,,207,143,47,135,96,48,,
662139,"Varsho, Daulton",2026,55,-0.6,3.5,-2.1,0,-1.9,1.3,,,-1,3,-1,0,-1,1,,,218,93,56,95,46,64,,
683083,"Nuñez, Nasim",2026,55,-0.6,-3.4,,-1,-3.3,-0.2,,,-2,-3,,-1,-3,0,,,278,91,,58,89,50,,
682998,"Carroll, Corbin",2026,55,3.6,2,4.2,2.9,-0.1,-1.8,,-4.2,9,3,2,3,0,-1,,-1,241,138,55,117,60,62,,33
572233,"Walker, Christian",2026,55,1.8,2.2,2.1,0.7,1.3,-2.6,,,4,3,1,1,1,-2,,,220,129,67,111,61,69,,
677594,"Rodríguez, Julio",2026,55,1.3,-0.7,-3.1,1.1,4.5,-2.8,,,3,-1,-2,1,3,-1,,,229,163,78,133,72,52,,
642715,"Adames, Willy",2026,55,-2.6,-0.4,4.7,-1.7,-2,3.5,,-0.6,-6,-1,3,-2,-1,2,,0,213,171,62,107,47,59,,36
571970,"Muncy, Max",2026,55,1.7,3.7,4.7,1.6,3.1,-0.4,,-5.3,3,3,2,2,4,0,,-2,199,89,38,110,113,107,,41
676475,"Burleson, Alec",2026,54,0.9,0,-0.8,1,2.3,1.9,,-2.4,2,0,-1,1,3,1,,-1,200,106,67,77,114,61,,33
514888,"Altuve, Jose",2026,54,2.1,-1.7,-3.8,0.2,-2,,,,3,-3,-2,0,-1,,,,137,162,50,98,66,,,
608070,"Ramírez, José",2026,54,2.2,-2.7,0,-0.1,1.4,2.5,,3.7,5,-3,0,0,2,2,,2,236,105,111,118,158,75,,49
691026,"Winn, Masyn",2026,54,-1.3,0.4,4.1,2.4,0.3,,,,-3,0,2,2,0,,,,251,127,45,96,50,,,
677951,"Witt Jr., Bobby",2026,54,0.6,0.5,0.6,1.3,5.2,-0.2,,,1,1,1,2,3,0,,,243,135,93,124,54,56,,
643289,"Dubón, Mauricio",2026,54,-1.9,-1.1,5.5,2.2,-4.1,3.8,,,-4,-1,3,2,-2,2,,,214,127,56,91,56,50,,
573262,"Yastrzemski, Mike",2026,54,-0.4,-1.3,-1.8,-0.4,-0.5,1.8,,,-1,-1,-1,0,0,1,,,232,87,52,60,49,44,,
605137,"Bell, Josh",2026,54,0.8,-3.3,-8,1.1,2.7,-2.2,,,2,-3,-4,1,4,-2,,,233,91,47,91,139,70,,
687462,"Horwitz, Spencer",2026,54,0,1,2.3,4.3,2.3,1,,,0,1,1,2,2,1,,,207,104,39,56,83,65,,
695734,"Lile, Daylen",2026,54,-0.5,4.3,1.2,-1.6,-2,1.7,,,-1,4,1,-1,-1,1,,,234,95,67,92,71,54,,
805367,"Meidroth, Chase",2026,54,-0.8,-0.5,-2.8,1.4,1,,,,-2,-1,-2,2,1,,,,250,205,59,130,70,,,
666969,"García, Adolis",2026,54,0.5,-2.3,,0,,-3.1,,5.4,1,-4,,0,,-1,,2,249,156,,116,,46,,42
641343,"Bauers, Jake",2026,54,2.8,-3,,3,-1.7,-2.5,,,5,-3,,2,-2,-2,,,172,95,,74,92,68,,
701398,"Stewart, Sal",2026,53,4.7,-0.6,0.7,-1,1.8,0.1,,,8,-1,0,-1,1,0,,,178,164,44,136,72,74,,
679529,"Torkelson, Spencer",2026,53,1.4,0.6,-2.6,0.5,-1.4,,,,3,1,-2,1,-1,,,,214,149,89,122,76,,,
624585,"Soler, Jorge",2026,53,-0.8,1.1,2.2,1.3,-1.8,-1.7,,,-1,1,1,2,-2,-1,,,189,128,58,147,84,54,,
650489,"Castro, Willi",2026,53,0.6,-4.4,3,0.3,-3.5,-2.2,,,1,-2,1,0,-3,-1,,,230,54,41,47,94,52,,
681624,"Pages, Andy",2026,53,-0.2,0.5,-1,-0.8,0.5,11.8,,,-1,1,-1,-1,0,4,,,255,174,59,154,61,37,,
670623,"Paredes, Isaac",2026,53,-0.4,1.4,4,-2.5,1.9,-1.5,,,-1,2,3,-3,2,-1,,,219,168,74,114,87,76,,
669394,"Burger, Jake",2026,53,-2.2,3.3,,-3.1,-0.4,10,,,-4,5,,-4,0,3,,,171,141,,132,45,34,,
670541,"Alvarez, Yordan",2026,53,5.6,0.7,0.9,0.6,1,6.8,,,12,1,1,1,1,5,,,224,139,81,98,99,71,,
696100,"Goodman, Hunter",2026,53,-2,2.9,1.2,2.1,1.9,-0.8,,,-4,3,0,2,1,0,,,208,94,38,100,64,57,,
575929,"Contreras, Willson",2026,52,-0.9,6.1,-3.4,4.3,0.6,,,,-2,10,-2,5,1,,,,212,168,53,112,87,,,
608324,"Bregman, Alex",2026,52,0.6,-0.8,3.3,-1.8,0.5,-1.7,,,1,-1,2,-3,0,-1,,,201,186,50,182,79,70,,
606466,"Marte, Ketel",2026,52,-0.2,3,-1.1,-1.6,-0.3,0.1,,-4.3,-1,2,0,-1,0,0,,-2,206,81,37,79,122,75,,50
681082,"Stott, Bryson",2026,52,-1.2,-1.5,5.5,4.3,3.1,-3,,-7.4,-3,-1,2,3,2,-2,,-2,240,88,40,58,77,61,,33
680776,"Duran, Jarren",2026,52,-0.3,-0.7,-1.8,-4.1,-2.2,-0.6,,-3.9,-1,-1,-1,-3,-2,0,,-2,216,98,53,82,73,81,,42
677800,"Abreu, Wilyer",2026,52,-0.1,-1.1,1.8,2.6,-0.7,3.4,,5.6,0,-1,1,2,-1,2,,2,274,134,69,90,81,51,,34
687859,"Johnston, Troy",2026,52,1,-1.4,,3,-0.3,0.1,,,2,-1,,2,0,0,,,219,53,,59,69,60,,
691720,"Karros, Kyle",2026,52,2.7,-3.6,,-2.1,-2,,,,6,-3,,-3,-1,,,,212,97,,120,51,,,
656305,"Chapman, Matt",2026,51,-0.9,-1.8,-3.2,-0.4,3.3,-0.3,,,-2,-4,-2,0,2,0,,,226,196,52,116,55,43,,
657656,"Laureano, Ramón",2026,51,0.7,-0.2,-0.8,-3.1,3.4,,,,2,0,0,-3,2,,,,225,147,58,93,65,,,
518692,"Freeman, Freddie",2026,51,1.2,-2.1,1.8,1,-1.6,1.6,,,2,-3,1,1,-2,1,,,195,121,62,125,102,69,,
669357,"Gorman, Nolan",2026,51,2.4,0.8,2.6,2,-4.5,1.5,,,6,1,1,2,-7,1,,,238,74,56,74,153,46,,
664761,"Bohm, Alec",2026,51,-2.4,-3.4,0,1.2,7,,,,-4,-5,0,1,4,,,,182,149,58,70,54,,,
690993,"Keith, Colt",2026,51,-1.3,1.6,-0.6,-5,-1.7,,,,-2,1,0,-3,-1,,,,181,57,49,53,86,,,
521692,"Perez, Salvador",2026,51,-1.2,2.2,-3.9,-1.8,-2.7,0.9,,,-2,3,-3,-2,-2,1,,,192,116,71,104,56,62,,
676609,"Caballero, José",2026,50,-0.9,0.2,-6.6,2.5,0.6,2,,,-2,0,-3,2,0,1,,,198,107,42,84,50,39,,
691781,"House, Brady",2026,50,-0.6,-2.3,,0.7,-0.5,-5.6,,,-1,-3,,1,0,-3,,,181,150,,104,58,45,,
696285,"Young, Jacob",2026,50,0.4,-0.3,,-1.5,2.2,1.8,,,1,0,,-1,1,1,,,202,136,,90,55,46,,
663616,"Larnach, Trevor",2026,50,0.4,-0.9,7.9,0.4,-1.4,,,3.4,1,-1,3,0,-1,,,1,144,74,36,68,74,,,40
643446,"McNeil, Jeff",2026,50,0.8,-0.5,2.3,-3.2,1.4,,,,2,0,1,-2,1,,,,188,100,63,68,70,,,
593428,"Bogaerts, Xander",2026,50,1.2,0.3,-2,-0.2,-0.4,-0.8,,,2,1,-1,0,0,0,,,174,209,34,87,57,59,,
666152,"Hamilton, David",2026,49,-2.2,3.5,-0.2,-2.2,,,,,-4,2,0,-1,,,,,173,67,52,47,,,,
694212,"Basallo, Samuel",2026,49,0.7,6.3,2.3,0.3,0.2,-3.2,,,1,3,1,0,0,-2,,,145,44,47,71,82,61,,
657757,"Sheets, Gavin",2026,49,0.7,-1.5,7.6,5.1,2.1,,,,1,-2,3,3,2,,,,191,121,42,64,91,,,
669477,"Schmitt, Casey",2026,49,0,-1.3,4.2,-1.7,4,,,,0,-2,2,-1,2,,,,167,123,42,76,50,,,
571448,"Arenado, Nolan",2026,49,1.9,1,,-0.4,1.4,,,,4,1,,0,1,,,,191,129,,123,76,,,
671976,"Peters, Tristan",2026,49,-2,1.8,,-2.3,0.3,,,,-4,1,,-1,0,,,,178,60,,55,71,,,
669257,"Smith, Will",2026,48,0.3,-2.1,,-1.2,4.4,,,,1,-3,,-1,3,,,,202,126,,100,62,,,
664983,"McCarthy, Jake",2026,48,-1,7.1,,,-2.9,2.9,,,-1,2,,,-2,2,,,146,31,,,59,52,,
682928,"Abrams, CJ",2026,48,3.6,-0.5,10.5,1.2,1.1,3.7,,,8,0,4,2,1,4,,,227,91,40,139,72,110,,
686797,"Lee, Brooks",2026,48,2.2,-2,3.2,0.4,-1.2,-2.4,,,4,-2,2,0,-2,-2,,,169,87,50,102,139,81,,
645277,"Albies, Ozzie",2026,48,0.9,-2,4.4,-0.3,3,-0.9,,-1.9,2,-2,2,0,3,-1,,-1,200,99,56,79,109,104,,59
641857,"McMahon, Ryan",2026,47,-0.9,-3,2.9,-2,4.5,-1.1,,,-2,-2,1,-1,2,-1,,,227,70,38,70,44,47,,
666160,"Moniak, Mickey",2026,47,3.5,1.6,1.9,2.1,-0.3,5.2,,,5,1,1,2,0,4,,,149,50,42,71,85,70,,
702332,"Durbin, Caleb",2026,47,-1.7,-4.4,-0.5,-1.6,-4.1,,,,-2,-7,0,-1,-2,,,,137,160,43,92,48,,,
668715,"Steer, Spencer",2026,47,0.6,-1.5,8.9,-0.4,1.1,1.6,,,1,-3,4,0,1,1,,,193,183,48,83,64,54,,
663647,"Hayes, Ke'Bryan",2026,47,-2.8,0.3,,-6.3,,,,,-4,0,,-2,,,,,128,104,,37,,,,
661388,"Contreras, William",2026,47,-0.4,0.3,3.2,-1.9,3.2,0.9,,,-1,0,2,-2,2,0,,,178,149,64,97,60,39,,
695600,"Jensen, Carter",2026,47,0.1,2.3,5.5,-4.6,1.6,1.2,,,0,2,3,-4,1,1,,,233,88,46,78,64,74,,
681393,"Norby, Connor",2026,46,0.9,0.1,,1.2,-4.6,,,,2,0,,1,-3,,,,180,124,,103,71,,,
660844,"Rivas, Leo",2026,46,-2.6,-3.7,,-3.2,-0.6,,,,-5,-3,,-2,0,,,,193,72,,61,61,,,
668939,"Rutschman, Adley",2026,46,-0.4,-1.1,9.4,,-0.5,0.7,,,-1,-1,4,,0,0,,,145,81,47,,77,56,,
605170,"Caratini, Victor",2026,46,-2.3,-5.9,3.7,1.1,-1.4,,,,-3,-5,2,1,-1,,,,147,78,47,62,66,,,
660821,"Sánchez, Jesús",2026,46,0.3,-1.3,1,-2.9,-1.5,6,,,1,-1,0,-2,-1,3,,,196,77,41,52,62,48,,
608369,"Seager, Corey",2026,45,0.5,-2.5,6.1,-3.1,0.8,,,,1,-4,2,-3,1,,,,179,142,33,107,72,,,
695506,"Caglianone, Jac",2026,45,3.9,-3.2,-1.8,2.6,3.6,-3.1,,,5,-3,-1,2,2,-2,,,140,97,51,76,56,76,,
665926,"Giménez, Andrés",2026,45,0,-1.2,-0.7,0,-0.9,-3.3,,,0,-1,0,0,0,-2,,,190,94,46,65,55,61,,
547180,"Harper, Bryce",2026,45,2.3,1,,2,2.6,-0.2,,-3.6,4,1,,3,2,0,,-2,177,132,,141,68,90,,50
676391,"Clement, Ernie",2026,45,0.5,-1.3,-5.5,2.3,1.6,-5.6,,,1,-1,-2,2,1,-3,,,152,105,43,72,72,47,,
592626,"Pederson, Joc",2026,45,0.7,-1.6,,3.5,-1.5,-3.4,,,1,-1,,2,-1,-2,,,181,54,,69,78,72,,
663993,"Lowe, Nathaniel",2026,45,-1.7,1.4,,,1.4,3,,5.7,-4,1,,,1,1,,1,223,58,,,36,47,,26
660670,"Acuña Jr., Ronald",2026,45,-1.9,-0.2,0.2,0.8,2,,,,-3,0,0,1,1,,,,178,125,67,70,62,,,
670042,"Raley, Luke",2026,45,4.4,,3.3,-1.9,-2.1,,,,6,,2,-1,-2,,,,141,,49,56,111,,,
606192,"Hernández, Teoscar",2026,45,-1.1,1.5,-1.9,2.4,1.7,,,-2.6,-2,3,-1,2,2,,,-1,193,165,48,89,89,,,33
624413,"Alonso, Pete",2026,45,1.4,-0.3,-1.9,-0.8,2.2,-0.3,,,3,-1,-1,-1,2,0,,,194,207,58,89,78,101,,
678882,"Rafaela, Ceddanne",2026,45,0.4,0.6,1.6,-1.3,2.2,-1.2,,,1,1,1,-1,2,-1,,,173,135,50,97,71,51,,
700337,"Quero, Edgar",2026,44,-3.4,-2.2,,,-0.6,,,,-6,-1,,,0,,,,183,64,,,64,,,
671277,"García Jr., Luis",2026,44,-0.3,-0.8,,-1,0.2,0.4,,-1.9,0,-1,,-1,0,0,,-1,142,74,,85,83,63,,33
665487,"Tatis Jr., Fernando",2026,44,-2,-0.8,2.6,0,-0.3,,,,-4,-1,1,0,0,,,,184,174,42,122,72,,,
592450,"Judge, Aaron",2026,44,2,4.8,3.5,-1.2,0.7,5.1,,,5,7,3,-2,1,4,,,247,150,77,153,138,72,,
643376,"Jansen, Danny",2026,44,-0.5,-2.4,,,,,,,-1,-2,,,,,,,159,94,,,,,,
671732,"Butler, Lawrence",2026,44,-1.6,-2.3,-0.2,3.5,-0.3,,,-7.4,-3,-2,0,2,0,,,-2,196,96,69,54,83,,,30
694728,"Matthews, Brice",2026,44,0.5,-1.8,,-2.3,-4.5,,,,1,-2,,-2,-2,,,,185,94,,70,48,,,
669224,"Wells, Austin",2026,44,1.3,-4.8,,-3.5,-1.5,-2.5,,,2,-4,,-3,-1,-1,,,170,73,,96,64,56,,
669127,"Langeliers, Shea",2026,43,2.8,2.3,0.4,1.7,0.9,5.1,,,5,3,0,2,1,3,,,179,135,67,130,63,51,,
672640,"Lopez, Otto",2026,43,0.2,2.8,-0.6,4.5,4.8,-1,,5,0,5,0,5,3,-1,,1,174,160,54,121,63,63,,20
650402,"Torres, Gleyber",2026,43,0.8,0.4,-3.6,1.5,,,,,1,1,-3,1,,,,,169,132,75,74,,,,
701675,"Church, Nathan",2026,43,-2.2,0,7.8,-0.4,-2.1,,,,-5,0,3,0,-2,,,,210,52,37,79,98,,,
700932,"Manzardo, Kyle",2026,43,0.4,0.3,-3.2,1.1,-3,-0.8,,-5.8,1,0,-2,1,-2,-1,,-2,204,74,65,62,83,66,,28
596115,"Story, Trevor",2026,43,-1.2,0.9,-3.8,0,-3.3,-1.3,,,-2,1,-2,0,-2,-1,,,194,117,56,84,61,65,,
807712,"Keaschall, Luke",2026,43,0.7,-1.6,-2,0.3,-0.2,,,,1,-3,-1,0,0,,,,171,163,73,113,95,,,
664728,"Isbel, Kyle",2026,43,-0.3,-3.2,-0.3,,-4.8,0.6,,,-1,-2,0,,-2,0,,,195,62,42,,42,48,,
672761,"Pérez, Wenceel",2026,42,-4,-1.4,-2.5,,-0.6,,,,-5,-1,-1,,0,,,,130,59,34,,74,,,
670764,"Walls, Taylor",2026,42,0.2,-3.5,1.6,0.4,-2.9,-0.8,,,0,-2,1,0,-2,0,,,188,69,47,54,62,53,,
596019,"Lindor, Francisco",2026,42,-1.1,-5.6,0.5,5.1,-1.8,,,,-2,-2,0,2,-1,,,,168,44,30,44,75,,,
663886,"Stephenson, Tyler",2026,42,-1.9,5.2,-0.1,-1.4,-3.7,,,,-3,4,0,-1,-2,,,,172,81,41,70,61,,,
680777,"Jeffers, Ryan",2026,42,-0.8,4.8,6.3,3.1,0.5,,,,-1,6,3,3,0,,,,158,130,50,85,85,,,
665750,"Taveras, Leody",2026,42,-0.6,1.3,1.7,0.7,-2.2,,,,-1,1,1,0,-2,,,,174,47,53,41,92,,,
664040,"Lowe, Brandon",2026,42,4.6,-2.7,2.1,-0.1,3.2,2,,,10,-3,1,0,3,2,,,215,120,61,114,90,81,,
650490,"Díaz, Yandy",2026,42,0.5,1.8,-0.8,3.8,6.8,,,,1,3,-1,4,3,,,,180,172,77,117,50,,,
810938,"Williamson, Ben",2026,42,-1.6,0.7,2.2,-0.2,,,,,-3,0,1,0,,,,,177,70,57,84,,,,
669065,"Stowers, Kyle",2026,42,-2.3,3.2,,-1.8,-2.9,,,1.4,-3,2,,-1,-1,,,0,142,51,,43,47,,,33
660162,"Moncada, Yoán",2026,42,-0.1,-4.2,,-2.7,-2.6,4.8,,,0,-3,,-2,-2,3,,,186,65,,72,76,55,,
691785,"Mayer, Marcelo",2026,41,0.4,1.5,,2.2,-4.6,-0.7,,,1,1,,1,-5,0,,,153,61,,61,103,55,,
643217,"Benintendi, Andrew",2026,41,-0.4,0.9,-3.4,-1.1,-3.3,,,,-1,1,-1,-1,-3,,,,166,76,40,91,87,,,
702222,"Crawford, Justin",2026,41,0.4,0.4,,-5.2,-1.5,-1.1,,,1,0,,-3,-1,0,,,241,96,,64,55,37,,
670242,"Wallner, Matt",2026,41,-2.6,2.4,,-3.7,-1.7,,,,-5,2,,-2,-1,,,,192,85,,60,61,,,
687637,"Beavers, Dylan",2026,41,0.4,2.7,-3.2,-2.3,3.2,-1.9,,,1,2,-1,-1,2,-1,,,160,61,47,45,65,59,,
683002,"Henderson, Gunnar",2026,41,-1.7,0.1,4.7,-1.2,-0.3,0.2,,-2,-3,0,2,-1,0,0,,-1,194,157,53,117,134,78,,48
693307,"Dingler, Dillon",2026,41,0.5,-2.8,-1.1,8.1,3,0,,,1,-4,-1,6,2,0,,,185,145,69,78,78,50,,
630105,"Cronenworth, Jake",2026,40,-0.5,-1.2,,,-2.6,-0.6,,,-1,-1,,,-1,0,,,189,89,,,51,41,,
673548,"Suzuki, Seiya",2026,40,0.8,0.4,2.5,1,,,,,1,1,1,1,,,,,173,118,39,130,,,,
680700,"Palacios, Richie",2026,40,0.4,-1.9,,,1.5,,,,1,-1,,,1,,,,138,47,,,46,,,
543877,"Vázquez, Christian",2026,40,0.2,-0.4,-2.6,,,,,,0,0,-1,,,,,,136,92,41,,,,,
608348,"Kelly, Carson",2026,40,1,1.5,,-1.3,1.9,,,,2,1,,-1,1,,,,159,100,,104,43,,,
665742,"Soto, Juan",2026,39,2,2.6,,-1,0.2,-0.2,,,3,3,,-1,0,0,,,138,122,,92,41,55,,
671218,"Ramos, Heliot",2026,39,0.3,-1.1,,3.9,0.4,-2.1,,,1,-2,,3,0,-1,,,211,165,,77,47,60,,
656555,"Hoskins, Rhys",2026,39,-0.5,1.9,,-1.3,-1.6,2,,,-1,2,,-1,-1,1,,,170,115,,103,52,43,,
666139,"Lowe, Josh",2026,39,1.2,-7.7,,-2.6,-4.2,1.2,,,2,-5,,-2,-3,0,,,176,69,,62,61,30,,
807799,"Yoshida, Masataka",2026,39,0.4,-3.5,,,3.5,,,,1,-2,,,1,,,,131,54,,,41,,,
691723,"Mayo, Coby",2026,39,1.3,-1.5,-2.6,0.8,-2.1,,,,2,-1,-1,1,-1,,,,132,82,50,97,47,,,
700250,"Rice, Ben",2026,39,7.1,0.8,0.1,0.9,5.5,2.3,,,11,1,0,1,5,2,,,157,117,60,136,95,80,,
693304,"Gonzales, Nick",2026,39,-0.1,0,-2.6,-0.7,1.6,-0.5,,,0,0,-1,-1,1,0,,,158,149,36,102,54,62,,
682657,"Martínez, Angel",2026,38,-0.5,-4.3,0.6,4.2,-0.1,7.1,,,-1,-4,0,3,0,5,,,183,88,53,81,86,74,,
691406,"Caminero, Junior",2026,38,3.5,1.2,-0.3,-1.4,-0.3,3.6,,,5,2,0,-2,0,2,,,157,155,61,142,98,57,,
650859,"Rengifo, Luis",2026,38,0.1,-3.1,-4.5,-0.3,-0.6,-0.2,,,0,-2,-4,0,0,0,,,166,51,92,63,67,57,,
668901,"Vientos, Mark",2026,38,-1.9,-0.3,8.5,0.4,0.2,,,,-3,0,3,0,0,,,,149,91,33,98,61,,,
666397,"Julien, Edouard",2026,38,-0.8,,-0.3,-2.2,-1.3,-0.8,,,-1,,0,-2,-1,-1,,,189,,54,68,74,71,,
682177,"Schneemann, Daniel",2026,38,1.7,-0.9,0.3,0.5,-0.5,,,,3,-1,0,0,0,,,,153,82,62,82,75,,,
672724,"Peraza, Oswald",2026,37,-0.3,1.1,,-1.8,3.1,-1,,,0,1,,-1,2,0,,,139,107,,68,60,46,,
665019,"Clemens, Kody",2026,37,0,-0.8,,1.6,1.6,1.2,,-2,0,0,,2,1,1,,-1,195,61,,101,53,54,,29
678489,"Barrosa, Jorge",2026,37,-2.8,-0.7,,,,,,,-4,0,,,,,,,144,63,,,,,,
543807,"Springer, George",2026,37,0.7,-3.6,,3,2,,,,1,-3,,2,1,,,,136,87,,71,43,,,
686681,"Massey, Michael",2026,37,-3.8,-0.6,,,1.4,,,,-5,0,,,1,,,,141,43,,,52,,,
665489,"Guerrero Jr., Vladimir",2026,36,1.3,-0.6,0,-1.9,2.5,-0.2,,-1,2,-1,0,-2,2,0,,0,184,162,69,114,67,52,,36
686527,"Canzone, Dominic",2026,36,-0.9,3.6,2,2.6,-2.5,1.5,,,-1,2,1,1,-2,1,,,113,44,38,38,98,58,,
609280,"Andujar, Miguel",2026,36,-3.2,2.2,,-4.5,,8.1,,,-4,3,,-3,,3,,,110,120,,72,,31,,
676356,"DeLuca, Jonny",2026,36,-1.7,3.7,2.6,-1.8,-3.4,,,,-2,3,1,-1,-2,,,,131,81,44,55,52,,,
666126,"Cortes, Carlos",2026,36,1.9,1.7,,2.3,0.1,1.6,,,3,1,,1,0,1,,,134,88,,60,60,50,,
596142,"Sánchez, Gary",2026,36,4.4,-2.1,,-1.2,,,,,5,-2,,-1,,,,,120,75,,79,,,,
803011,"Antonacci, Sam",2026,35,1.7,0.3,-1.5,-1.4,-0.1,,,,3,0,0,-1,0,,,,186,75,31,46,65,,,
667670,"Rooker, Brent",2026,35,0.8,-2.6,,2.8,-2.9,,,,1,-3,,2,-2,,,,110,104,,80,58,,,
805779,"Wilson, Jacob",2026,35,-2,1.1,1.3,-3.3,1,,,,-3,2,1,-3,0,,,,145,175,42,86,48,,,
686668,"Doyle, Brenton",2026,35,-2.2,2.2,4.4,-2.8,-1.9,,,,-3,1,1,-2,-1,,,,151,49,32,74,48,,,
672515,"Moreno, Gabriel",2026,35,-0.3,-0.6,,1,-3.3,,,,0,-1,,1,-2,,,,125,96,,67,52,,,
804606,"Griffin, Konnor",2026,35,-0.2,1.7,0.4,-0.5,-3.3,2,,,0,3,0,0,-2,1,,,139,151,49,104,61,52,,
621043,"Correa, Carlos",2026,35,-0.1,0.7,,0.1,,2.8,,,0,1,,0,,1,,,152,137,,84,,49,,
683357,"Caissie, Owen",2026,35,-1.1,-2.3,,-2.5,3.3,-1.9,,,-2,-2,,-1,2,-1,,,178,73,,56,67,71,,
671739,"Harris II, Michael",2026,34,1.4,-1,3.1,-0.5,0.9,-5.1,,,2,-1,1,0,1,-3,,,163,99,40,80,67,53,,
666181,"Benson, Will",2026,34,-0.5,,,,-1.3,-0.7,,,-1,,,,-1,0,,,118,,,,74,69,,
669004,"Melendez, MJ",2026,34,-0.8,,,,,,,,-1,,,,,,,,136,,,,,,,
677588,"Tena, José",2026,34,1.8,1.9,,0.5,-1.8,,,,3,1,,0,-1,,,,139,56,,44,58,,,
694208,"Ballesteros, Moisés",2026,34,-0.5,-4,10.1,1.7,1.4,-1.7,,,-1,-2,3,1,1,-1,,,131,50,33,64,73,49,,
687551,"Gilbert, Drew",2026,33,0.5,-7.4,,,,,,,1,-4,,,,,,,114,48,,,,,,
677942,"Alexander, Blaze",2026,33,-1,-2.8,,,-1.3,,,,-2,-2,,,-1,,,,159,75,,,43,,,
676914,"Schneider, Davis",2026,33,-0.2,2.2,,-2.2,3.3,,,,0,1,,-1,1,,,,144,40,,63,29,,,
669701,"Smith, Josh",2026,33,-2.7,-2.2,1.7,,-2.7,,,,-3,-1,1,,-1,,,,125,66,42,,52,,,
807713,"Shaw, Matt",2026,33,0,-1.9,,2.5,4.1,,,,0,-2,,2,2,,,,112,82,,82,48,,,
663743,"Fortes, Nick",2026,33,0.4,-1.5,-1.6,-2.7,-0.1,,,,0,-1,-1,-2,0,,,,111,89,43,57,52,,,
641584,"Fraley, Jake",2026,33,-4.1,-0.4,,-1.1,,,,,-5,0,,-1,,,,,122,52,,47,,,,
678391,"Vivas, Jorbit",2026,33,0.6,1.5,,-3.6,0.3,-1.1,,,1,1,,-2,0,0,,,125,72,,51,36,40,,
677649,"Duran, Ezequiel",2026,32,-0.8,3.9,-5.8,5,5.1,,,,-1,4,-1,4,2,,,,139,113,26,74,35,,,
671289,"Freeman, Tyler",2026,32,0.9,-1.9,,5,-2.2,,,,1,-1,,2,-1,,,,111,79,,45,36,,,
665966,"Narváez, Carlos",2026,32,-1.3,1.7,,-4.1,-0.9,,,,-2,1,,-3,0,,,,146,78,,66,32,,,
701350,"Anthony, Roman",2026,32,0.5,-2.2,,2.3,-0.5,-0.8,,,1,-2,,1,0,-1,,,166,101,,60,65,68,,
669236,"Jackson, Jeremiah",2026,32,-0.4,2.8,2.4,-2.4,-1.3,-4.9,,,-1,2,1,-2,-1,-3,,,138,74,35,92,47,53,,
592663,"Realmuto, J.T.",2026,32,-0.7,-3.4,,1.3,,,,,-1,-4,,1,,,,,111,104,,41,,,,
642086,"Smith, Dominic",2026,32,4.9,-2.2,,,-3.6,-0.5,,,5,-1,,,-1,0,,,98,52,,,36,36,,
678554,"Mead, Curtis",2026,32,0.8,-0.5,-0.3,-0.8,,10.4,,,1,0,0,-1,,4,,,141,86,44,69,,34,,
690976,"Freeland, Alex",2026,31,0.3,-3,-2.9,-1.4,-0.5,-0.4,,,0,-1,-1,-1,0,0,,,136,49,43,51,68,45,,
682626,"Alvarez, Francisco",2026,31,-0.9,-1.3,,-2.2,7,,,,-1,-2,,-2,2,,,,111,146,,106,32,,,
656716,"McKinstry, Zach",2026,31,-2.6,-0.7,,-2.8,,-0.4,,,-4,0,,-1,,0,,,133,42,,41,,42,,
680977,"Donovan, Brendan",2026,31,3,-1.9,,-4.6,1.4,,,,3,-1,,-2,1,,,,106,75,,53,43,,,
680869,"Gelof, Zack",2026,31,0.1,-0.6,,-0.1,,-6.7,,,0,-1,,0,,-2,,,111,90,,49,,29,,
666310,"Naylor, Bo",2026,30,-6.1,0.4,,-5.3,1,,,,-6,0,,-2,1,,,,92,50,,47,54,,,
657041,"Thomas, Lane",2026,30,-0.1,0.1,-2.3,0.1,2.8,,,,0,0,-1,0,1,,,,144,79,55,62,36,,,
664702,"Straw, Myles",2026,30,1.1,-0.3,,-2.4,,,,,1,0,,-1,,,,,121,56,,43,,,,
681351,"O'Hoppe, Logan",2026,30,-0.8,0.2,,-2.9,-1.8,,,,-1,0,,-3,-1,,,,127,80,,93,40,,,
663837,"Vierling, Matt",2026,30,-1.2,-2,4.6,0.6,-1,,,,-2,-2,2,0,-1,,,,157,108,47,79,60,,,
665561,"Marchán, Rafael",2026,30,-3.1,,,,,,,,-3,,,,,,,,107,,,,,,,
681715,"Hernández, Heriberto",2026,29,-2.1,-0.7,,5.6,,,,,-2,0,,3,,,,,101,58,,53,,,,
681481,"Carpenter, Kerry",2026,29,2.6,-3,-1.3,-5.2,10.2,-1.4,,,3,-2,-1,-4,6,-1,,,107,57,55,69,61,68,,
553993,"Suárez, Eugenio",2026,29,0.5,-5.6,,0.6,,,,,1,-5,,0,,,,,119,90,,54,,,,
680779,"Davis, Henry",2026,29,-4,0.1,,-0.3,,,,,-4,0,,0,,,,,105,105,,53,,,,
681807,"Fry, David",2026,29,1.1,-0.4,,2.9,-3.7,,,,1,0,,2,-2,,,,98,66,,55,54,,,
682663,"Ramírez, Agustín",2026,29,-3.4,-1.3,-3.1,3,,,,,-4,-2,-1,2,,,,,117,128,34,66,,,,
686780,"Pagés, Pedro",2026,29,-1.7,0.6,,-1.1,-2.5,,,,-2,0,,-1,-1,,,,130,79,,62,50,,,
687363,"Scott II, Victor",2026,29,-2.8,-0.7,-0.4,-0.4,-4.3,0.3,,,-4,-1,0,0,-2,0,,,139,82,41,54,53,35,,
686452,"Millas, Drew",2026,29,-2.3,-0.6,,-3.5,1.7,-6.1,,,-3,0,,-1,1,-2,,,113,59,,29,46,32,,
808975,"Kim, Hyeseong",2026,29,0.8,1.9,,-1.3,-4.2,1.8,,,1,1,,-1,-3,1,,,120,79,,49,77,35,,
677950,"Thomas, Alek",2026,29,-2.9,3.9,,2.8,,-6.1,,,-3,2,,1,,-3,,,104,40,,43,,54,,
641933,"O'Neill, Tyler",2026,28,-4.1,3.3,,-2.5,-2.5,,,,-4,2,,-1,-1,,,,88,72,,52,40,,,
687401,"Ortiz, Joey",2026,28,-0.4,-2.7,-3.2,-3.3,,,,,0,-3,-1,-3,,,,,118,96,40,78,,,,
660688,"Ruiz, Keibert",2026,28,1,-4,,-2,1.1,,,,1,-2,,-1,0,,,,91,49,,53,34,,,
666971,"Gurriel Jr., Lourdes",2026,28,1,-4.8,,-3.4,1.7,,,,1,-3,,-1,1,,,,98,69,,42,44,,,
687093,"Grissom, Vaughn",2026,28,-0.7,-3.1,-1.5,3.7,1.8,,,,-1,-2,0,2,1,,,,124,68,34,52,48,,,
691594,"Sanoja, Javier",2026,28,-0.2,-5.5,,5.8,2.3,,,,0,-4,,3,1,,,,94,66,,60,47,,,
672275,"Bailey, Patrick",2026,28,-3.8,-5.9,,2.5,-4,1.4,,,-5,-3,,1,-2,1,,,125,55,,42,62,47,,
691777,"Muncy, Max",2026,28,1.5,2.2,,0.3,,,,,1,2,,0,,,,,98,83,,77,,,,
457705,"McCutchen, Andrew",2026,28,-0.9,1.7,,,,,,,-1,1,,,,,,,94,52,,,,,,
688363,"Pauley, Graham",2026,28,-2.2,0.1,,,-1,-0.2,,,-2,0,,,-1,0,,,109,42,,,55,40,,
673357,"Robert Jr., Luis",2026,28,-0.9,-1.1,,0.9,,,,,-1,-1,,1,,,,,101,88,,65,,,,
502671,"Goldschmidt, Paul",2026,27,8.3,-1.2,,0.2,2.9,,,,6,-1,,0,1,,,,76,52,,52,48,,,
519317,"Stanton, Giancarlo",2026,27,-2.2,1.6,,5.2,2.5,,,,-3,1,,3,1,,,,126,67,,54,59,,,
663368,"Perkins, Blake",2026,27,-2,,,,-1.9,,,,-2,,,,-1,,,,98,,,,39,,,
680728,"Del Castillo, Adrian",2026,27,1.6,2.1,,-5.2,-2.7,-1.4,,,2,1,,-2,-2,-1,,,132,60,,47,58,61,,
666023,"Fermin, Freddy",2026,27,-1.9,-3.9,,-2,,,,,-2,-3,,-1,,,,,121,84,,58,,,,
592206,"Castellanos, Nick",2026,27,-2.2,-0.3,,-1.1,,,,,-2,0,,-1,,,,,88,74,,64,,,,
663968,"Mangum, Jake",2026,27,-0.2,,,-0.3,-2.2,-1.8,,,0,,,0,-1,-1,,,127,,,33,39,29,,
624424,"Conforto, Michael",2026,27,3.5,8.2,,,-0.6,,,,3,3,,,0,,,,95,35,,,40,,,
641598,"Garver, Mitch",2026,27,-1.3,-2.2,,2.8,,,,,-1,-1,,2,,,,,89,59,,69,,,,
699912,"Fernandez, Jose",2026,27,0.4,-1.2,1.7,-0.7,-1.6,,,,0,-1,1,-1,-1,,,,104,112,55,95,57,,,
672016,"Clarke, Denzel",2026,26,-2.2,,,-0.2,,,,,-2,,,0,,,,,93,,,34,,,,
608701,"Refsnyder, Rob",2026,26,-4.5,,,,-3.7,,,,-4,,,,-2,,,,100,,,,41,,,
701678,"Lee, Hao-Yu ",2026,26,-0.7,-1.7,,,,,,,0,-1,,,,,,,73,35,,,,,,
663697,"India, Jonathan",2026,26,1.1,0.3,,,,,,,1,0,,,,,,,84,39,,,,,,
642708,"Rosario, Amed",2026,25,-1.5,1.6,-1.4,1.1,0.8,,,,-1,1,0,0,0,,,,93,40,28,45,45,,,
665804,"Amaya, Miguel",2026,25,0.1,8.5,-4.7,1.5,,,,,0,5,-1,1,,,,,100,54,22,66,,,,
669743,"Call, Alex",2026,25,4.6,-2.2,,,,,,,4,-1,,,,,,,85,60,,,,,,
664056,"Bader, Harrison",2026,25,-3.8,-0.8,,1.7,,-3.6,,,-4,0,,1,,-1,,,93,61,,38,,32,,
595978,"Hedges, Austin",2026,25,0.7,-1.3,0.3,-1,,,,,1,0,0,0,,,,,97,38,39,48,,,,
683953,"Bazzana, Travis",2026,25,0.2,-0.3,,8.1,,,,,0,0,,4,,,,,113,48,,48,,,,
696030,"Osuna, Alejandro",2026,25,-1.4,,,,5.9,,,,-1,,,,2,,,,101,,,,34,,,
694671,"Langford, Wyatt",2026,25,-5.4,-0.5,,-2.8,,,,,-5,0,,-1,,,,,90,78,,31,,,,
668723,"Vilade, Ryan",2026,25,0.7,-2.6,0.8,,5.4,,,,1,-1,0,,2,,,,105,44,29,,37,,,
655316,"Monasterio, Andruw",2026,25,0.1,-0.8,,-3.2,,,,,0,-1,,-2,,,,,98,75,,59,,,,
667472,"Myers, Dane",2026,25,-0.4,5.8,,-0.9,,,,,0,4,,-1,,,,,88,66,,55,,,,
687231,"Hernaiz, Darell",2026,25,-0.2,-0.7,,-1.2,-3.8,,,,0,0,,-1,-2,,,,120,50,,61,48,,,
694388,"Loperfido, Joey",2026,25,2.8,,,-2.8,,,,,2,,,-1,,,,,69,,,44,,,,
668904,"Lewis, Royce",2026,25,-1.6,-2.7,,-3,-3.8,,,,-2,-3,,-2,-2,,,,118,96,,61,57,,,
596103,"Slater, Austin",2026,24,-4,,,,,,,,-3,,,,,,,,72,,,,,,,
681297,"Cowser, Colton",2026,24,-1.9,1.3,,-3.6,-0.1,-4.7,,,-2,1,,-1,0,-2,,,105,42,,39,92,47,,
673237,"Diaz, Yainer",2026,23,0.3,-1,,-0.6,0.5,,,,0,-1,,0,0,,,,85,71,,51,32,,,
500743,"Rojas, Miguel",2026,23,3,-1.5,,0.3,,,,,2,-1,,0,,,,,75,50,,52,,,,
678218,"Valenzuela, Brandon",2026,23,-2.7,,,,0,2.3,,,-3,,,,0,1,,,127,,,,68,37,,
621438,"Taylor, Tyrone",2026,23,-1.9,-3.7,,-2.4,2.4,,,,-2,-2,,-2,1,,,,103,52,,65,28,,,
669707,"Triolo, Jared",2026,23,-2.4,2.8,,,-2.5,,,,-2,1,,,-1,,,,82,39,,,32,,,
663604,"Lockridge, Brandon",2026,23,0.9,-4.5,,2.9,,,,,1,-3,,2,,,,,113,73,,64,,,,
676439,"Feduccia, Hunter",2026,23,-2.8,,,,,,,,-2,,,,,,,,81,,,,,,,
682668,"Acuña, Luisangel",2026,22,-1.8,-4,,-4.8,-5.4,,,,-2,-3,,-4,-2,,,,88,72,,77,46,,,
624428,"Frazier, Adam",2026,22,2.3,-1.2,,-2.6,,,,,2,-1,,-1,,,,,102,49,,39,,,,
663698,"Bart, Joey",2026,21,-2.5,,,,,,,,-2,,,,,,,,79,,,,,,,
665877,"Fermín, José",2026,21,-0.4,1,,,,,,,0,1,,,,,,,84,50,,,,,,
664954,"Sullivan, Brett",2026,21,-2.3,4.1,,,,,,,-2,2,,,,,,,77,47,,,,,,
694377,"Yorke, Nick",2026,21,-1.1,-0.9,,,-0.5,,,,-1,-1,,,0,,,,86,75,,,38,,,
656484,"Gray, Tristan",2026,21,1.3,,,-4.8,-4,,,,2,,,-3,-2,,,,118,,,63,42,,,
669699,"Shewmake, Braden",2026,21,0.2,,,-8,,,,,0,,,-2,,,,,72,,,31,,,,
687221,"Rushing, Dalton",2026,21,2.4,,,2.7,-0.4,14.4,,,2,,,1,0,4,,,67,,,27,54,27,,
620443,"Torrens, Luis",2026,21,-2.1,-1.6,,-5.1,,0.6,,,-2,-1,,-2,,0,,,81,71,,37,,29,,
593871,"Polanco, Jorge",2026,20,-4,,,,-2.5,,,,-3,,,,-1,,,,75,,,,45,,,
668709,"Bleday, JJ",2026,20,3.4,5,3.3,,-0.3,,,,3,1,1,,0,,,,75,30,31,,72,,,
622761,"Mateo, Jorge",2026,20,10,-0.9,,,,,,,6,0,,,,,,,64,46,,,,,,
641680,"Heim, Jonah",2026,20,-0.3,,,-2,-3.6,,,,0,,,-1,-1,,,,96,,,32,29,,,
686894,"Wiemer, Joey",2026,20,0.8,3.4,,,6.6,,,,1,2,,,3,,,,91,63,,,39,,,
623168,"Heineman, Tyler",2026,20,-3.8,,,,,-4.5,,,-3,,,,,-1,,,77,,,,,28,,
656537,"Hill, Derek",2026,20,3.4,,,5.1,-0.1,,,,2,,,2,0,,,,66,,,34,38,,,
695336,"Saggese, Thomas",2026,20,-3.4,-1.3,,,,,,,-3,-1,,,,,,,102,51,,,,,,
663330,"Jones, Jahmai",2026,19,0.4,9.5,,,-1.7,,,,0,3,,,-1,,,,47,31,,,45,,,
516782,"Marte, Starling",2026,19,-0.8,,,,-0.6,,,,-1,,,,0,,,,74,,,,31,,,
664770,"Lukes, Nathan",2026,19,-0.9,,,,,,,,-1,,,,,,,,91,,,,,,,
664034,"France, Ty",2026,19,1.5,3.5,,,6.8,,,,1,2,,,2,,,,80,66,,,30,,,
592885,"Yelich, Christian",2026,19,2.9,0.6,-4.5,,,,,,2,0,-2,,,,,,80,66,53,,,,,
666624,"Morel, Christopher",2026,18,-5.5,,,,,,,,-3,,,,,,,,60,,,,,,,
679845,"Loftin, Nick",2026,18,-0.8,1.7,,3.9,,,,,-1,1,,1,,,,,77,45,,30,,,,
681546,"Outman, James",2026,18,-4.3,,,,-3.3,,,,-3,,,,-1,,,,73,,,,34,,,
694192,"Chourio, Jackson",2026,18,0.1,2.6,,,,,,,0,1,,,,,,,92,39,,,,,,
543510,"McCann, James",2026,18,-3.3,,,,,,,,-2,,,,,,,,63,,,,,,,
641555,"Escarra, J.C.",2026,17,-0.4,,,,,,,,0,,,,,,,,54,,,,,,,
545341,"Grichuk, Randal",2026,17,-3.1,,,,,,,,-2,,,,,,,,70,,,,,,,
687597,"Beck, Jordan",2026,17,-0.9,-0.3,,1.1,,,,,-1,0,,1,,,,,81,71,,72,,,,
682818,"Piñango, Yohendrick",2026,17,-0.6,,,,-0.5,,,,0,,,,0,,,,68,,,,24,,,
624641,"Sosa, Edmundo",2026,17,0.7,-6.1,,-3.3,2.3,,,,1,-3,,-2,1,,,,89,50,,51,44,,,
672820,"Sosa, Lenyn",2026,17,-2.4,-2.9,,-3.8,1.6,,,,-2,-2,,-2,1,,,,90,61,,59,38,,,
687957,"Harris, Dustin",2026,17,-1.5,,,,,,,,-1,,,,,,,,63,,,,,,,
677870,"Jiménez, Leo",2026,17,-2.7,-1,,,-1.1,,,,-2,0,,,0,,,,79,25,,,28,,,
669326,"Teodosio, Bryce",2026,16,-4.7,0.5,,,,,,,-3,0,,,,,,,67,32,,,,,,
669134,"Campusano, Luis",2026,16,5.4,0.6,,,,,,,2,0,,,,,,,45,59,,,,,,
657136,"Wong, Connor",2026,16,2.7,-1.5,,,,,,,1,-1,,,,,,,53,52,,,,,,
691011,"Romo, Drew",2026,16,3.5,10.2,,,-1.7,,,,2,2,,,-1,,,,47,21,,,43,,,
605141,"Betts, Mookie",2026,16,1.3,-0.5,,-3.2,,,,,1,0,,-2,,,,,56,54,,50,,,,
543309,"Higashioka, Kyle",2026,16,-0.1,-0.5,,-5.1,,,,,0,0,,-3,,,,,70,70,,59,,,,
624512,"McGuire, Reese",2026,16,-2.1,,,,,,,,-1,,,,,,,,35,,,,,,,
664059,"Haggerty, Sam",2026,15,-2.7,,,,,,,,-1,,,,,,,,53,,,,,,,
805904,"Cole, Zach",2026,15,0.4,,,,,,,,0,,,,,,,,49,,,,,,,
669397,"Allen, Nick",2026,15,-5.5,,,,,,,,-2,,,,,,,,44,,,,,,,
642201,"White, Eli",2026,15,-0.1,-2,,,-2.4,,,,0,-1,,,-1,,,,62,41,,,35,,,
643396,"Kiner-Falefa, Isiah",2026,15,-5,,,,,,,,-2,,,,,,,,49,,,,,,,
642851,"Wynns, Austin",2026,14,-4,,,,,,,,-2,,,,,,,,43,,,,,,,
695020,"Murray, Tanner",2026,14,-4.9,,,,,,,,-2,,,,,,,,47,,,,,,,
669369,"Johnson, Bryce",2026,14,-1.8,,,,,,,,-1,,,,,,,,40,,,,,,,
602104,"Urías, Ramón",2026,14,-1.4,-3.2,,-0.8,,,,,-1,-2,,0,,,,,66,50,,38,,,,
682877,"Brito, Juan",2026,13,-0.7,,-2.1,,-4,,,,0,,-1,,-2,,,,65,,34,,42,,,
701305,"Dezenzo, Zach",2026,13,3,,,,,,,,2,,,,,,,,51,,,,,,,
666211,"Trammell, Taylor",2026,13,3.9,,,,,,,,1,,,,,,,,34,,,,,,,
694374,"Tawa, Tim",2026,13,-2.7,,,,,,,,-2,,,,,,,,70,,,,,,,
595879,"Báez, Javier",2026,13,3.2,-0.7,,-6.1,-8.2,,,,2,0,,-2,-2,,,,64,42,,41,26,,,
642215,"Wilson, Weston",2026,13,4.3,,,,,,,,2,,,,,,,,44,,,,,,,
669289,"Espinal, Santiago",2026,12,-1,,,2.3,,,,,-1,,,1,,,,,49,,,29,,,,
676694,"Meyers, Jake",2026,12,-0.3,-1,,,,,,,0,0,,,,,,,43,38,,,,,,
675659,"Jones, Greg",2026,12,-9,,,,,,,,-3,,,,,,,,32,,,,,,,
518595,"d'Arnaud, Travis",2026,12,-0.3,,,,,,,,0,,,,,,,,41,,,,,,,
668670,"Rogers, Jake",2026,12,-3.6,-3.7,,,,,,,-2,-2,,,,,,,43,41,,,,,,
678009,"Meadows, Parker",2026,12,-2.1,,,,-2.7,,,,-1,,,,-1,,,,58,,,,32,,,
680718,"Barger, Addison",2026,11,-3.2,,,,,,,,-1,,,,,,,,45,,,,,,,
805999,"Ewing, A.J.",2026,11,4.6,,,,,,,,2,,,,,,,,45,,,,,,,
681508,"Gasper, Mickey",2026,11,5,,,,,,,,2,,,,,,,,32,,,,,,,
682622,"Marte, Noelvi",2026,11,-2.1,,,,,,,,-1,,,,,,,,40,,,,,,,
665923,"Ruiz, Esteury",2026,11,4.8,,,,,,,,2,,,,,,,,43,,,,,,,
677595,"Mauricio, Ronny",2026,10,1.4,,,,,,,,1,,,,,,,,41,,,,,,,
682641,"Matos, Luis",2026,10,-4.4,,,,,,,,-2,,,,,,,,35,,,,,,,
691176,"Domínguez, Jasson",2026,10,-7.5,,,,,,,,-3,,,,,,,,39,,,,,,,
672284,"Kelenic, Jarred",2026,10,-0.4,,,,-1.3,,,,0,,,,-1,,,,45,,,,45,,,
656582,"Joe, Connor",2026,10,-1.1,,,,,,,,-1,,,,,,,,49,,,,,,,
677592,"Pereira, Everson",2026,21,,-2.6,,,-0.6,,,,,-2,,,0,,,,,67,,,33,,,
691740,"Susac, Daniel",2026,11,,4.5,,,,,,,,1,,,,,,,,27,,,,,,
668952,"Kreidler, Ryan",2026,10,,10.3,,,,,,,,3,,,,,,,,27,,,,,,
683734,"Vaughn, Andrew",2026,10,,3.5,,,,,,,,1,,,,,,,,35,,,,,,
669720,"Hays, Austin",2026,15,,,,-4.9,,,,,,,,-2,,,,,,,,44,,,,
665161,"Peña, Jeremy",2026,11,,,,2.7,-5.2,,,,,,,1,-1,,,,,,,41,25,,,
650391,"Jiménez, Eloy",2026,10,,,,5,,,,,,,,1,,,,,,,,25,,,,
687515,"Thomas, Colby",2026,10,,,,,-2.5,,,,,,,,-1,,,,,,,,27,,,
