Player,Pos,Team,Age_At_Signing,Start,End,Yrs,Value,AAV,Signing Bonus,2-Year Cash,3-Year Cash,annual_salary_m
Juan Soto,RF,NYM                  NYM,26,2025,2039,15,"$765,000,000","$51,000,000","$75,000,000","$169,150,000","$211,650,000",51.0
Shohei Ohtani,DH,LAD                  LAD,29,2024,2033,10,"$700,000,000","$70,000,000",,"$4,000,000","$6,000,000",70.0
Mike Trout,RF,LAA                  LAA,27,2019,2030,12,"$426,500,000","$35,541,667","$20,000,000","$49,433,333","$84,933,333",35.541667
Mookie Betts,RF,LAD                  LAD,28,2021,2032,12,"$365,000,000","$30,416,667","$65,000,000","$29,000,000","$46,000,000",30.416667
Aaron Judge,CF,NYY                  NYY,30,2023,2031,9,"$360,000,000","$40,000,000",,"$80,000,000","$120,000,000",40.0
Manny Machado,3B,SD                  SD,30,2023,2033,11,"$350,000,000","$31,818,182","$45,000,000","$36,000,000","$49,000,000",31.818182
Francisco Lindor,SS,NYM                  NYM,28,2022,2031,10,"$341,000,000","$34,100,000","$21,000,000","$75,050,000","$102,125,000",34.1
Fernando Tatis Jr.,SS,SD                  SD,22,2021,2034,14,"$340,000,000","$24,285,714","$10,000,000","$14,489,011","$20,106,295",24.285714
Bryce Harper,1B,PHI                  PHI,26,2019,2031,13,"$330,000,000","$25,384,615","$20,000,000","$39,629,629","$66,179,629",25.384615
Corey Seager,SS,TEX                  TEX,27,2022,2031,10,"$325,000,000","$32,500,000","$5,000,000","$72,500,000","$107,000,000",32.5
Giancarlo Stanton,RF,MIA                  MIA,25,2015,2027,13,"$325,000,000","$25,000,000",,"$15,550,000","$30,050,000",25.0
Rafael Devers,3B,BOS                  BOS,26,2023,2033,10,"$313,500,000","$31,350,000","$20,000,000","$47,500,000","$62,942,608",31.35
Manny Machado,3B,SD                  SD,26,2019,2028,10,"$300,000,000","$30,000,000","$20,000,000","$41,111,111","$71,111,111",30.0
Trea Turner,SS,PHI                  PHI,29,2023,2033,11,"$300,000,000","$27,272,727",,"$54,595,454","$81,868,181",27.272727
Bobby Witt Jr.,SS,KC                  KC,23,2024,2037,11,"$288,777,777","$26,252,525","$7,777,777","$16,977,777","$29,977,777",26.252525
Xander Bogaerts,2B,SD                  SD,30,2023,2033,11,"$280,000,000","$25,454,545","$5,000,000","$55,000,000","$80,000,000",25.454545
Nolan Arenado,3B,COL                  COL,27,2019,2027,8,"$260,000,000","$32,500,000",,"$39,037,963","$39,658,463",32.5
Miguel Cabrera,1B,DET                  DET,30,2016,2025,8,"$248,000,000","$31,000,000",,"$56,050,000","$86,050,000",31.0
Anthony Rendon,3B,LAA                  LAA,29,2020,2026,7,"$245,000,000","$35,000,000","$4,000,000","$40,944,444","$76,944,444",35.0
Austin Riley,3B,ATL                  ATL,25,2023,2033,10,"$212,000,000","$21,200,000",,"$36,000,000","$58,000,000",21.2
Julio Rodriguez,CF,SEA                  SEA,21,2023,2034,12,"$209,300,000","$17,441,667","$15,000,000","$29,325,000","$47,350,000",17.441667
Carlos Correa,SS,MIN                  MIN,28,2023,2032,6,"$200,000,000","$33,333,333",,"$72,100,000","$80,519,355",33.333333
Christian Yelich,LF,MIL                  MIL,28,2020,2029,7,"$188,500,000","$26,928,571",,"$18,629,630","$40,629,630",26.928571
Jason Heyward,RF,CHC                  CHC,26,2016,2023,8,"$184,000,000","$23,000,000","$20,000,000","$36,500,000","$58,000,000",23.0
Willy Adames,SS,SF                  SF,29,2025,2031,7,"$182,000,000","$26,000,000","$22,000,000","$42,000,000","$70,000,000",26.0
Kris Bryant,1B,COL                  COL,30,2022,2028,7,"$182,000,000","$26,000,000","$7,000,000","$51,000,000","$78,000,000",26.0
Wander Franco,SS,TB                  TB,20,2022,2033,11,"$182,000,000","$16,545,455","$5,000,000","$7,483,856","$8,042,996",16.545455
Dansby Swanson,SS,CHC                  CHC,28,2023,2029,7,"$177,000,000","$25,285,714","$7,000,000","$45,000,000","$72,000,000",25.285714
Marcus Semien,2B,TEX                  TEX,31,2022,2028,7,"$175,000,000","$25,000,000",,"$51,000,000","$77,000,000",25.0
Matt Olson,1B,ATL                  ATL,27,2022,2030,8,"$168,000,000","$21,000,000",,"$36,000,000","$58,000,000",21.0
Jose Altuve,2B,HOU                  HOU,27,2018,2024,7,"$163,500,000","$23,357,143","$21,000,000","$33,500,000","$43,203,704",23.357143
Freddie Freeman,1B,LAD                  LAD,32,2022,2027,6,"$162,000,000","$27,000,000",,"$40,000,000","$60,000,000",27.0
Brandon Nimmo,LF,NYM                  NYM,29,2023,2030,8,"$162,000,000","$20,250,000","$2,000,000","$40,500,000","$60,750,000",20.25
Chris Davis,1B,BAL                  BAL,29,2016,2022,7,"$161,000,000","$23,000,000",,"$34,000,000","$51,000,000",23.0
Matt Chapman,3B,SF                  SF,31,2025,2030,6,"$151,000,000","$25,166,667","$1,000,000","$51,000,000","$76,000,000",25.166667
George Springer,RF,TOR                  TOR,31,2021,2026,6,"$150,000,000","$25,000,000","$10,000,000","$60,000,000","$82,500,000",25.0
Mike Trout,RF,LAA                  LAA,23,2015,2020,6,"$144,500,000","$24,083,333","$5,000,000","$20,500,000","$39,750,000",24.083333
Eric Hosmer,1B,SD                  SD,28,2018,2025,8,"$144,000,000","$18,000,000","$5,000,000","$45,000,000","$52,407,407",18.0
José Ramírez,3B,CLE                  CLE,29,2022,2028,7,"$141,000,000","$20,142,857",,"$36,174,462","$53,399,462",20.142857
Will Smith,C,LAD                  LAD,28,2024,2033,10,"$140,000,000","$14,000,000","$30,000,000","$46,550,000","$54,550,000",14.0
Javier Báez,SS,DET                  DET,29,2022,2027,6,"$140,000,000","$23,333,333",,"$42,000,000","$67,000,000",23.333333
Trevor Story,SS,BOS                  BOS,29,2022,2028,6,"$140,000,000","$23,333,333",,"$40,000,000","$62,500,000",23.333333
Justin Upton,LF,DET                  DET,28,2016,2021,6,"$132,750,000","$22,125,000",,"$25,125,000","$47,250,000",22.125
Paul Goldschmidt,1B,STL                  STL,32,2020,2024,5,"$130,000,000","$26,000,000","$20,000,000","$38,148,148","$64,448,148",26.0
Jose Altuve,2B,HOU                  HOU,33,2025,2029,5,"$125,000,000","$25,000,000","$15,000,000","$60,000,000","$90,000,000",25.0
Xander Bogaerts,2B,BOS                  BOS,26,2019,2026,6,"$120,000,000","$20,000,000",,"$19,407,407","$39,407,407",20.0
Elvis Andrus,SS,TEX                  TEX,26,2015,2023,8,"$120,000,000","$15,000,000","$2,000,000","$32,000,000","$47,000,000",15.0
Alex Bregman,2B,BOS                  BOS,30,2025,2027,3,"$120,000,000","$40,000,000","$5,000,000","$40,000,000","$60,000,000",40.0
Ketel Marte,2B,ARI                  ARI,31,2025,2031,6,"$116,500,000","$19,416,667",,"$30,000,000","$42,000,000",19.416667
J.T. Realmuto,C,PHI                  PHI,29,2021,2025,5,"$115,500,000","$23,100,000",,"$33,875,000","$57,750,000",23.1
Yordan Alvarez,DH,HOU                  HOU,24,2023,2028,6,"$115,000,000","$19,166,667","$5,000,000","$22,000,000","$37,000,000",19.166667
Jung Hoo Lee,CF,SF                  SF,25,2024,2029,6,"$113,000,000","$18,833,333","$5,000,000","$28,000,000","$50,000,000",18.833333
Corbin Carroll,OF,ARI                  ARI,22,2023,2031,8,"$111,000,000","$13,875,000","$5,000,000","$9,000,000","$14,000,000",13.875
Yoenis Céspedes,LF,NYM                  NYM,31,2017,2020,4,"$110,000,000","$27,500,000",,"$51,500,000","$66,311,828",27.5
J.D. Martinez,DH,BOS                  BOS,30,2018,2022,5,"$110,000,000","$22,000,000",,"$47,500,000","$56,296,296",22.0
Charlie Blackmon,CF,COL                  COL,31,2018,2023,6,"$108,000,000","$18,000,000","$2,000,000","$35,000,000","$56,000,000",18.0
Bryan Reynolds,RF,PIT                  PIT,28,2023,2031,8,"$106,750,000","$13,343,750","$2,000,000","$18,800,000","$30,800,000",13.34375
Andres Gimenez,2B,CLE                  CLE,24,2023,2030,7,"$106,500,000","$15,214,286","$4,000,000","$10,050,000","$20,050,000",15.214286
Justin Upton,LF,LAA                  LAA,30,2018,2022,5,"$106,000,000","$21,200,000",,"$34,000,000","$41,777,778",21.2
Carlos Correa,SS,MIN                  MIN,27,2022,2024,3,"$105,300,000","$35,100,000",,"$70,200,000","$105,300,000",35.1
Ryan Braun,LF,MIL                  MIL,32,2016,2021,5,"$105,000,000","$21,000,000","$10,000,000","$38,000,000","$57,000,000",21.0
Cal Raleigh,C,SEA                  SEA,28,2025,2030,6,"$105,000,000","$17,500,000","$10,000,000","$22,000,000","$34,000,000",17.5
Alex Bregman,2B,HOU                  HOU,25,2020,2024,5,"$100,000,000","$20,000,000","$10,000,000","$32,000,000","$43,000,000",20.0
Ronald Acuña Jr.,RF,ATL                  ATL,21,2019,2028,8,"$100,000,000","$12,500,000",,"$1,370,370","$6,370,370",12.5
Kyle Seager,3B,SEA                  SEA,27,2015,2022,7,"$100,000,000","$14,285,714","$3,500,000","$15,000,000","$25,500,000",14.285714
Evan Longoria,3B,TB                  TB,31,2017,2022,6,"$100,000,000","$16,666,667","$1,000,000","$23,525,000","$36,025,000",16.666667
Byron Buxton,CF,MIN                  MIN,28,2022,2028,7,"$100,000,000","$14,285,714","$1,000,000","$25,000,000","$40,000,000",14.285714
Nick Castellanos,RF,PHI                  PHI,29,2022,2026,5,"$100,000,000","$20,000,000",,"$40,000,000","$60,000,000",20.0
Pablo Sandoval,3B,BOS                  BOS,28,2015,2019,5,"$95,000,000","$19,000,000","$3,000,000","$37,000,000","$54,000,000",19.0
Anthony Santander,RF,TOR                  TOR,30,2025,2030,5,"$92,500,000","$18,500,000","$13,500,000","$16,750,000","$23,250,000",18.5
Josh Donaldson,3B,MIN                  MIN,34,2020,2024,4,"$92,000,000","$23,000,000",,"$27,666,667","$50,666,667",23.0
Masataka Yoshida,DH,BOS                  BOS,29,2023,2027,5,"$90,000,000","$18,000,000","$3,000,000","$36,000,000","$54,000,000",18.0
D.J. LeMahieu,2B,NYY                  NYY,32,2021,2026,6,"$90,000,000","$15,000,000",,"$30,000,000","$45,000,000",15.0
Hanley Ramirez,1B,BOS                  BOS,31,2015,2019,4,"$88,000,000","$22,000,000","$3,000,000","$44,000,000","$66,000,000",22.0
Willson Contreras,1B,STL                  STL,30,2023,2028,5,"$87,500,000","$17,500,000",,"$28,000,000","$45,419,356",17.5
Seiya Suzuki,RF,CHC                  CHC,27,2022,2026,5,"$85,000,000","$17,000,000","$5,000,000","$29,000,000","$49,000,000",17.0
Wil Myers,1B,SD                  SD,26,2017,2023,6,"$83,000,000","$13,833,333","$15,000,000","$19,000,000","$22,000,000",13.833333
Dexter Fowler,RF,STL                  STL,30,2017,2021,5,"$82,500,000","$16,500,000","$10,000,000","$33,000,000","$49,500,000",16.5
Jackson Chourio,LF,MIL                  MIL,19,2024,2033,8,"$82,000,000","$10,250,000","$2,000,000","$8,000,000","$15,000,000",10.25
Salvador Perez,C,KC                  KC,31,2022,2026,4,"$82,000,000","$20,500,000",,"$38,000,000","$58,000,000",20.5
Russell Martin,C,TOR                  TOR,31,2015,2019,5,"$82,000,000","$16,400,000",,"$22,000,000","$42,000,000",16.4
Lorenzo Cain,CF,MIL                  MIL,31,2018,2022,5,"$80,000,000","$16,000,000",,"$27,325,000","$32,880,555",16.0
Jake Cronenworth,1B,SD                  SD,29,2024,2030,7,"$80,000,000","$11,428,571","$2,000,000","$20,000,000","$32,000,000",11.428571
Cody Bellinger,CF,CHC                  CHC,28,2024,2026,3,"$80,000,000","$26,666,667",,"$55,000,000","$55,000,000",26.666667
Kyle Schwarber,DH,PHI                  PHI,29,2022,2025,4,"$79,000,000","$19,750,000",,"$39,000,000","$59,000,000",19.75
Starling Marte,RF,NYM                  NYM,33,2022,2025,4,"$78,000,000","$19,500,000","$5,000,000","$39,000,000","$58,500,000",19.5
Ketel Marte,2B,ARI                  ARI,29,2023,2028,5,"$76,000,000","$15,200,000","$3,000,000","$27,000,000","$46,000,000",15.2
Brandon Crawford,SS,SF                  SF,28,2016,2021,6,"$75,000,000","$12,500,000","$1,200,000","$15,000,000","$30,000,000",12.5
Yoenis Céspedes,LF,NYM                  NYM,30,2016,2016,3,"$75,000,000","$25,000,000","$10,000,000","$27,500,000","$27,500,000",25.0
Andrew Benintendi,LF,CHW                  CHW,28,2023,2027,5,"$75,000,000","$15,000,000","$3,000,000","$27,500,000","$44,000,000",15.0
Tommy Edman,CF,LAD                  LAD,29,2025,2030,5,"$74,000,000","$14,800,000","$17,000,000","$28,000,000","$34,000,000",14.8
Yasmani Grandal,C,CHW                  CHW,31,2020,2023,4,"$73,000,000","$18,250,000",,"$25,009,259","$43,259,259",18.25
Sean Murphy,C,ATL                  ATL,28,2023,2028,6,"$73,000,000","$12,166,667",,"$13,000,000","$28,000,000",12.166667
Brandon Belt,1B,SF                  SF,28,2017,2021,5,"$72,800,000","$14,560,000",,"$24,800,000","$40,800,000",14.56
Michael Harris II,CF,ATL                  ATL,21,2023,2032,8,"$72,000,000","$9,000,000",,"$10,000,000","$18,000,000",9.0
Alex Gordon,OF,KC                  KC,31,2016,2019,4,"$72,000,000","$18,000,000",,"$28,000,000","$48,000,000",18.0
Jean Segura,3B,SEA                  SEA,27,2018,2023,5,"$70,000,000","$14,000,000","$3,000,000","$26,350,000","$31,627,777",14.0
Ian Desmond,CF,COL                  COL,31,2017,2022,5,"$70,000,000","$14,000,000",,"$30,000,000","$45,000,000",14.0
Aaron Hicks,CF,NYY                  NYY,29,2019,2026,7,"$70,000,000","$10,000,000","$2,000,000","$11,888,888","$22,388,888",10.0
Yoan Moncada,3B,CHW                  CHW,24,2020,2025,5,"$70,000,000","$14,000,000","$4,000,000","$8,370,370","$22,370,370",14.0
Ryan McMahon,3B,COL                  COL,27,2022,2027,6,"$70,000,000","$11,666,667",,"$14,000,000","$26,000,000",11.666667
Ke'Bryan Hayes,3B,PIT                  PIT,24,2022,2030,8,"$70,000,000","$8,750,000",,"$20,000,000","$27,000,000",8.75
Yasmany Tomas,LF,ARI                  ARI,24,2015,2020,6,"$68,500,000","$11,416,667","$14,000,000","$19,879,781","$25,879,781",11.416667
Victor Martinez,DH,DET                  DET,36,2015,2018,4,"$68,000,000","$17,000,000",,"$32,000,000","$50,000,000",17.0
Eugenio Suarez,3B,CIN                  CIN,26,2018,2025,7,"$66,000,000","$9,428,571","$2,000,000","$11,250,000","$13,842,593",9.428571
Teoscar Hernandez,LF,LAD                  LAD,32,2025,2028,3,"$66,000,000","$22,000,000","$23,000,000","$29,500,000","$36,000,000",22.0
Lawrence Butler,RF,ATH                  ATH,24,2025,2032,7,"$65,500,000","$9,357,143","$3,000,000","$8,500,000","$13,500,000",9.357143
Marcell Ozuna,DH,ATL                  ATL,30,2021,2025,4,"$65,000,000","$16,250,000",,"$30,279,569","$46,279,569",16.25
Nick Castellanos,RF,CIN                  CIN,27,2020,2024,4,"$64,000,000","$16,000,000",,"$19,850,422","$35,850,422",16.0
Mike Moustakas,3B,CIN                  CIN,31,2020,2024,4,"$64,000,000","$16,000,000",,"$18,444,444","$34,444,444",16.0
Justin Turner,3B,LAD                  LAD,32,2017,2020,4,"$64,000,000","$16,000,000","$4,000,000","$27,000,000","$45,000,000",16.0
Ezequiel Tovar,SS,COL                  COL,22,2024,2031,7,"$63,500,000","$9,071,429","$1,500,000","$7,000,000","$12,000,000",9.071429
Hector Olivera,LF,LAD                  LAD,29,2015,2020,6,"$62,500,000","$10,416,667","$28,000,000","$30,153,005","$36,153,005",10.416667
Ian Happ,LF,CHC                  CHC,28,2024,2026,3,"$61,000,000","$20,333,333","$3,000,000","$40,000,000","$58,000,000",20.333333
Carlos Santana,1B,PHI                  PHI,31,2018,2021,3,"$60,000,000","$20,000,000","$10,000,000","$40,000,000","$45,000,000",20.0
Yadier Molina,C,STL                  STL,35,2018,2020,3,"$60,000,000","$20,000,000",,"$39,892,473","$47,299,880",20.0
Edwin Encarnacion,DH,CLE                  CLE,33,2017,2020,3,"$60,000,000","$20,000,000","$5,000,000","$35,150,000","$50,150,000",20.0
A.J. Pollock,LF,LAD                  LAD,31,2019,2023,5,"$60,000,000","$12,000,000","$12,000,000","$17,444,444","$32,444,444",12.0
Brent Rooker,DH,ATH                  ATH,29,2025,2030,5,"$60,000,000","$12,000,000","$10,000,000","$18,000,000","$30,000,000",12.0
Chris Taylor,3B,LAD                  LAD,31,2022,2026,4,"$60,000,000","$15,000,000",,"$30,000,000","$43,000,000",15.0
Kristian Campbell,2B,BOS                  BOS,22,2025,2034,8,"$60,000,000","$7,500,000","$2,000,000","$5,000,000","$8,000,000",7.5
Christian Walker,1B,HOU                  HOU,33,2025,2027,3,"$60,000,000","$20,000,000",,"$40,000,000","$60,000,000",20.0
Jose Abreu,1B,HOU                  HOU,35,2023,2025,3,"$58,500,000","$19,500,000",,"$39,000,000","$58,500,000",19.5
Nelson Cruz,DH,SEA                  SEA,34,2015,2018,4,"$57,000,000","$14,250,000","$1,000,000","$29,125,000","$43,125,000",14.25
Ben Zobrist,2B,CHC                  CHC,34,2016,2019,4,"$56,000,000","$14,000,000","$2,000,000","$28,000,000","$44,000,000",14.0
Matt Chapman,3B,SF                  SF,30,2024,2027,3,"$54,000,000","$18,000,000","$2,000,000","$35,000,000","$53,000,000",18.0
Pete Alonso,1B,NYM                  NYM,30,2025,2026,2,"$54,000,000","$27,000,000","$10,000,000","$54,200,000","$54,200,000",27.0
Kevin Kiermaier,CF,TB                  TB,26,2017,2023,6,"$53,500,000","$8,916,667","$1,000,000","$9,500,000","$17,500,000",8.916667
Avisaíl García,DH,MIA                  MIA,30,2022,2026,4,"$53,000,000","$13,250,000",,"$24,000,000","$36,000,000",13.25
Salvador Perez,C,KC                  KC,26,2017,2021,5,"$52,500,000","$10,500,000","$6,000,000","$16,500,000","$26,500,000",10.5
Randal Grichuk,RF,TOR                  TOR,27,2019,2023,5,"$52,000,000","$10,400,000","$5,000,000","$16,444,444","$25,777,777",10.4
Chase Headley,3B,NYY                  NYY,30,2015,2018,4,"$52,000,000","$13,000,000",,"$27,750,000","$41,750,000",13.0
Brett Gardner,LF,NYY                  NYY,31,2015,2019,4,"$52,000,000","$13,000,000","$2,000,000","$27,000,000","$39,000,000",13.0
Josh Reddick,RF,HOU                  HOU,29,2017,2020,4,"$52,000,000","$13,000,000",,"$26,000,000","$39,000,000",13.0
J.P. Crawford,SS,SEA                  SEA,26,2022,2026,5,"$51,000,000","$10,200,000","$5,000,000","$20,000,000","$30,000,000",10.2
Dee Strange-Gordon,2B,MIA                  MIA,27,2016,2021,5,"$50,000,000","$10,000,000","$1,500,000","$10,688,524","$21,188,524",10.0
Andrew McCutchen,RF,PHI                  PHI,32,2019,2022,3,"$50,000,000","$16,666,667",,"$16,296,296","$36,296,296",16.666667
Luis Robert Jr.,CF,CHW                  CHW,22,2020,2027,6,"$50,000,000","$8,333,333",,"$4,055,556","$10,328,119",8.333333
Jose Abreu,1B,CHW                  CHW,32,2020,2022,3,"$50,000,000","$16,666,667","$5,000,000","$25,189,074","$39,189,074",16.666667
Jeff McNeil,2B,NYM                  NYM,30,2023,2027,4,"$50,000,000","$12,500,000",,"$16,500,000","$32,250,000",12.5
Keibert Ruiz,C,WSH                  WSH,24,2023,2032,8,"$50,000,000","$6,250,000","$3,000,000","$10,000,000","$15,000,000",6.25
Ceddanne Rafaela,SS,BOS                  BOS,23,2024,2032,8,"$50,000,000","$6,250,000","$2,000,000","$4,000,000","$6,000,000",6.25
Christian Yelich,LF,MIA                  MIA,23,2015,2021,7,"$49,570,000","$7,081,429",,"$1,570,000","$5,070,000",7.081429
Tyler O'Neill,LF,BAL                  BAL,29,2025,2027,3,"$49,500,000","$16,500,000",,"$33,000,000","$49,500,000",16.5
Rougned Odor,2B,TEX                  TEX,22,2017,2023,6,"$49,500,000","$8,250,000","$2,000,000","$6,000,000","$13,500,000",8.25
Yulieski Gurriel,1B,HOU                  HOU,31,2016,2020,5,"$47,500,000","$9,500,000","$2,000,000","$17,500,000","$29,435,483",9.5
Jeimer Candelario,3B,CIN                  CIN,30,2024,2027,3,"$45,000,000","$15,000,000",,"$33,000,000","$45,000,000",15.0
Nick Markakis,RF,ATL                  ATL,31,2015,2018,4,"$44,000,000","$11,000,000","$2,000,000","$23,025,000","$33,525,000",11.0
Mitch Haniger,RF,SF                  SF,31,2023,2025,3,"$43,500,000","$14,500,000","$6,000,000","$23,000,000","$38,500,000",14.5
Eloy Jimenez,LF,CHW                  CHW,22,2019,2026,6,"$43,000,000","$7,166,667","$5,000,000","$6,555,556","$10,055,556",7.166667
Jurickson Profar,LF,ATL                  ATL,31,2025,2027,3,"$42,000,000","$14,000,000",,"$6,193,548","$21,193,548",14.0
Jorge Soler,RF,SF                  SF,31,2024,2026,3,"$42,000,000","$14,000,000","$9,000,000","$15,295,674","$28,295,674",14.0
Lourdes Gurriel Jr.,OF,ARI                  ARI,30,2024,2027,3,"$42,000,000","$14,000,000",,"$24,000,000","$37,000,000",14.0
Melky Cabrera,LF,CHW                  CHW,30,2015,2017,3,"$42,000,000","$14,000,000",,"$27,000,000","$29,622,944",14.0
James McCann,C,NYM                  NYM,30,2021,2024,4,"$40,600,000","$10,150,000","$600,000","$16,600,000","$17,600,000",10.15
Martín Prado,3B,MIA                  MIA,32,2016,2019,3,"$40,000,000","$13,333,333",,"$22,500,000","$36,000,000",13.333333
J.J. Hardy,SS,BAL                  BAL,32,2015,2017,3,"$40,000,000","$13,333,333",,"$24,000,000","$38,000,000",13.333333
Anthony Rizzo,1B,NYY                  NYY,33,2023,2025,2,"$40,000,000","$20,000,000",,"$34,000,000","$33,999,999",20.0
Matt Carpenter,3B,STL                  STL,33,2019,2022,2,"$39,000,000","$19,500,000",,"$21,351,852","$39,851,852",19.5
Jay Bruce,RF,NYM                  NYM,30,2018,2020,3,"$39,000,000","$13,000,000","$3,000,000","$11,000,000","$11,648,148",13.0
Zack Cozart,3B,LAA                  LAA,32,2018,2020,3,"$38,000,000","$12,666,667",,"$25,333,332","$38,000,000",12.666667
Daniel Murphy,1B,WSH                  WSH,30,2016,2018,3,"$37,500,000","$12,500,000",,"$20,000,000","$23,857,526",12.5
Mark Trumbo,DH,BAL                  BAL,30,2017,2019,3,"$37,500,000","$12,500,000",,"$24,000,000","$37,500,000",12.5
Joc Pederson,DH,TEX                  TEX,32,2025,2027,2,"$37,000,000","$18,500,000","$5,500,000","$37,000,000","$37,000,000",18.5
Adrián Beltré,3B,TEX                  TEX,37,2017,2018,2,"$36,000,000","$18,000,000",,"$36,000,000","$36,000,000",18.0
Jorge Soler,RF,MIA                  MIA,30,2022,2024,3,"$36,000,000","$12,000,000",,"$31,000,000","$40,000,000",12.0
Michael Conforto,LF,SF                  SF,29,2023,2024,2,"$36,000,000","$18,000,000",,"$36,000,000","$36,000,000",18.0
Nico Hoerner,2B,CHC                  CHC,25,2024,2026,3,"$35,000,000","$11,666,667",,"$23,000,000","$35,000,000",11.666667
Ozzie Albies,2B,ATL                  ATL,21,2019,2027,7,"$35,000,000","$5,000,000",,"$1,370,370","$4,370,370",5.0
Max Kepler,RF,MIN                  MIN,25,2019,2024,5,"$35,000,000","$7,000,000",,"$8,314,815","$14,814,815",7.0
Gregory Polanco,RF,PIT                  PIT,24,2016,2023,5,"$35,000,000","$7,000,000","$3,000,000","$4,535,000","$8,035,000",7.0
Justin Turner,3B,LAD                  LAD,36,2021,2023,2,"$34,000,000","$17,000,000","$8,000,000","$26,000,000","$26,000,000",17.0
Rhys Hoskins,DH,MIL                  MIL,30,2024,2026,2,"$34,000,000","$17,000,000",,"$30,000,000","$30,000,000",17.0
Bo Bichette,SS,TOR                  TOR,24,2023,2025,3,"$33,600,000","$11,200,000","$3,250,000","$17,100,000","$33,600,000",11.2
Khris Davis,DH,OAK                  OAK,32,2020,2021,2,"$33,500,000","$16,750,000",,"$22,953,704","$22,953,704",16.75
Stephen Piscotty,RF,STL                  STL,25,2017,2023,6,"$33,500,000","$5,583,333","$2,000,000","$4,000,000","$11,000,000",5.583333
Kendrys Morales,DH,TOR                  TOR,33,2017,2019,3,"$33,000,000","$11,000,000",,"$21,000,000","$23,000,000",11.0
Josh Bell,1B,CLE                  CLE,30,2023,2024,2,"$33,000,000","$16,500,000",,"$7,661,310","$7,661,310",16.5
Nick Ahmed,SS,ARI                  ARI,29,2020,2023,4,"$32,500,000","$8,125,000","$1,500,000","$10,972,222","$19,222,222",8.125
Brandon Crawford,SS,SF                  SF,34,2022,2023,2,"$32,000,000","$16,000,000",,"$32,000,000","$32,000,000",16.0
Anthony Rizzo,1B,NYY                  NYY,32,2022,2023,2,"$32,000,000","$16,000,000",,"$32,000,000","$32,000,000",16.0
Michael Brantley,LF,HOU                  HOU,33,2021,2022,2,"$32,000,000","$16,000,000",,"$32,000,000","$32,000,000",16.0
Michael Brantley,LF,HOU                  HOU,31,2019,2020,2,"$32,000,000","$16,000,000","$2,000,000","$22,555,556","$22,555,556",16.0
Francisco Cervelli,C,PIT                  PIT,30,2017,2019,3,"$31,000,000","$10,333,333",,"$19,500,000","$31,000,000",10.333333
Denard Span,LF,SF                  SF,31,2016,2019,3,"$31,000,000","$10,333,333","$6,000,000","$20,750,000","$23,741,923",10.333333
Juan Soto,RF,NYY                  NYY,24,2024,2024,1,"$31,000,000","$31,000,000",,"$31,000,000","$31,000,000",31.0
Ender Inciarte,CF,ATL                  ATL,26,2017,2022,5,"$30,525,000","$6,105,000","$3,500,000","$9,500,000","$14,500,000",6.105
Odubel Herrera,CF,PHI                  PHI,25,2017,2023,5,"$30,500,000","$6,100,000","$1,750,000","$6,000,000","$11,000,000",6.1
Miguel Sano,1B,MIN                  MIN,26,2020,2023,3,"$30,000,000","$10,000,000","$4,000,000","$16,111,111","$25,361,111",10.0
Billy Butler,DH,OAK                  OAK,28,2015,2017,3,"$30,000,000","$10,000,000","$5,000,000","$20,000,000","$30,000,000",10.0
Christian Vazquez,C,MIN                  MIN,32,2023,2025,3,"$30,000,000","$10,000,000",,"$20,000,000","$30,000,000",10.0
Shohei Ohtani,DH,LAA                  LAA,28,2023,2023,1,"$30,000,000","$30,000,000",,"$30,000,000","$30,000,000",30.0
Nolan Arenado,3B,COL                  COL,25,2017,2018,2,"$29,500,000","$14,750,000",,"$29,022,850","$29,022,850",14.75
Ha-seong Kim,SS,TB                  TB,29,2025,2026,2,"$29,000,000","$14,500,000",,"$1,887,084","$1,887,084",14.5
Josh Donaldson,3B,TOR                  TOR,30,2016,2017,2,"$28,650,000","$14,325,000",,"$28,650,000","$28,650,000",14.325
Colt Keith,2B,DET                  DET,22,2024,2032,6,"$28,642,500","$4,773,750","$2,000,000","$8,000,000","$12,000,000",4.77375
Vladimir Guerrero Jr.,1B,TOR                  TOR,25,2025,2025,1,"$28,500,000","$28,500,000",,"$48,500,000","$48,500,000",28.5
Devin Mesoraco,C,CIN                  CIN,26,2015,2018,4,"$28,000,000","$7,000,000","$500,000","$7,800,000","$15,000,000",7.0
Didi Gregorius,SS,PHI                  PHI,30,2021,2022,2,"$28,000,000","$14,000,000","$1,500,000","$18,500,000","$18,500,000",14.0
Ha-seong Kim,SS,SD                  SD,25,2021,2025,4,"$28,000,000","$7,000,000",,"$14,000,000","$21,000,000",7.0
Gerardo Parra,RF,COL                  COL,28,2016,2019,3,"$27,500,000","$9,166,667",,"$16,000,000","$25,784,948",9.166667
Trevor Story,SS,COL                  COL,27,2020,2021,2,"$27,500,000","$13,750,000","$2,000,000","$22,462,963","$22,462,963",13.75
Josh Harrison,2B,PIT                  PIT,27,2015,2020,4,"$27,300,000","$6,825,000","$1,000,000","$8,800,000","$16,300,000",6.825
Mookie Betts,RF,BOS                  BOS,27,2020,2020,1,"$27,000,000","$27,000,000",,"$27,000,000","$27,000,000",27.0
Mark Canha,LF,NYM                  NYM,32,2022,2024,2,"$26,500,000","$13,250,000","$2,000,000","$14,240,002","$17,949,682",13.25
David Fletcher,2B,LAA                  LAA,26,2021,2027,5,"$26,000,000","$5,200,000",,"$6,000,000","$12,000,000",5.2
Nolan Arenado,3B,COL                  COL,27,2019,2019,1,"$26,000,000","$26,000,000",,"$26,000,000","$26,000,000",26.0
Paul DeJong,SS,STL                  STL,24,2018,2025,6,"$26,000,000","$4,333,333","$1,000,000","$3,500,000","$4,055,556",4.333333
Max Muncy,3B,LAD                  LAD,29,2020,2023,3,"$26,000,000","$8,666,667","$4,500,000","$12,370,370","$23,870,370",8.666667
José Ramírez,3B,CLE                  CLE,24,2017,2023,4,"$26,000,000","$6,500,000","$2,000,000","$5,600,000","$9,350,000",6.5
Kole Calhoun,RF,LAA                  LAA,29,2017,2020,3,"$26,000,000","$8,666,667",,"$14,500,000","$25,000,000",8.666667
Jorge Polanco,SS,MIN                  MIN,25,2019,2025,5,"$25,750,000","$5,150,000",,"$5,049,382","$9,382,716",5.15
Kolten Wong,2B,STL                  STL,25,2016,2021,5,"$25,500,000","$5,100,000",,"$3,750,000","$7,750,000",5.1
Myles Straw,CF,CLE                  CLE,27,2022,2028,5,"$25,000,000","$5,000,000","$2,000,000","$5,750,000","$10,250,000",5.0
Matt Chapman,3B,TOR                  TOR,28,2022,2023,2,"$25,000,000","$12,500,000","$1,000,000","$25,000,000","$25,000,000",12.5
Hunter Dozier,1B,KC                  KC,29,2021,2025,4,"$25,000,000","$6,250,000","$1,000,000","$7,750,000","$15,000,000",6.25
Tim Anderson,SS,CHW                  CHW,23,2017,2024,6,"$25,000,000","$4,166,667",,"$1,850,000","$3,250,000",4.166667
Adam LaRoche,DH,CHW                  CHW,35,2015,2016,2,"$25,000,000","$12,500,000",,"$25,000,000","$25,000,000",12.5
Jason Castro,C,MIN                  MIN,29,2017,2019,3,"$24,500,000","$8,166,667",,"$16,500,000","$24,500,000",8.166667
Jackie Bradley Jr.,CF,MIL                  MIL,30,2021,2023,2,"$24,000,000","$12,000,000",,"$16,000,000","$24,000,000",12.0
Mitch Garver,DH,SEA                  SEA,32,2024,2026,2,"$24,000,000","$12,000,000","$2,000,000","$23,000,000","$24,000,000",12.0
Max Muncy,3B,LAD                  LAD,33,2024,2026,2,"$24,000,000","$12,000,000","$5,000,000","$24,000,000","$34,000,000",12.0
Yandy Diaz,1B,TB                  TB,31,2023,2026,3,"$24,000,000","$8,000,000",,"$14,000,000","$24,000,000",8.0
Evan White,1B,SEA                  SEA,23,2020,2028,6,"$24,000,000","$4,000,000",,"$1,781,481","$3,181,481",4.0
Ketel Marte,2B,ARI                  ARI,24,2018,2022,5,"$24,000,000","$4,800,000","$2,000,000","$5,000,000","$6,481,481",4.8
Scott Kingery,2B,PHI                  PHI,23,2018,2026,6,"$24,000,000","$4,000,000","$1,500,000","$3,500,000","$4,055,555",4.0
George Springer,RF,HOU                  HOU,28,2018,2019,2,"$24,000,000","$12,000,000",,"$24,000,000","$24,000,000",12.0
D.J. LeMahieu,2B,NYY                  NYY,30,2019,2020,2,"$24,000,000","$12,000,000",,"$16,444,444","$16,444,444",12.0
Daniel Murphy,1B,COL                  COL,33,2019,2021,2,"$24,000,000","$12,000,000",,"$12,962,963","$18,962,963",12.0
Brandon Lowe,2B,TB                  TB,24,2019,2026,6,"$24,000,000","$4,000,000",,"$1,555,556","$4,055,556",4.0
Juan Lagares,CF,NYM                  NYM,25,2015,2020,5,"$23,553,696","$4,710,739",,"$3,053,696","$7,553,696",4.710739
Teoscar Hernandez,LF,LAD                  LAD,31,2024,2024,1,"$23,500,000","$23,500,000",,"$24,500,000","$24,500,000",23.5
Adam Eaton,RF,CHW                  CHW,26,2015,2021,5,"$23,500,000","$4,700,000",,"$3,600,000","$7,600,000",4.7
Chris Johnson,3B,ATL                  ATL,30,2015,2018,3,"$23,500,000","$7,833,333",,"$9,401,639","$18,401,639",7.833333
Josh Donaldson,3B,TOR                  TOR,32,2018,2018,1,"$23,000,000","$23,000,000",,"$1,133,336","$1,133,336",23.0
Jed Lowrie,2B,HOU                  HOU,30,2015,2018,3,"$23,000,000","$7,666,667",,"$15,500,000","$22,000,000",7.666667
Josh Donaldson,3B,ATL                  ATL,33,2019,2019,1,"$23,000,000","$23,000,000",,"$23,000,000","$23,000,000",23.0
Juan Soto,RF,SD                  SD,23,2023,2023,1,"$23,000,000","$23,000,000",,"$23,000,000","$23,000,000",23.0
Coco Crisp,CF,OAK                  OAK,35,2015,2016,2,"$22,750,000","$11,375,000",,"$11,500,000","$12,250,000",11.375
Francisco Lindor,SS,NYM                  NYM,27,2021,2021,1,"$22,300,000","$22,300,000",,"$22,300,000","$22,300,000",22.3
David Peralta,LF,ARI                  ARI,32,2020,2022,3,"$22,000,000","$7,333,333",,"$10,092,593","$13,187,648",7.333333
Lourdes Gurriel Jr.,OF,TOR                  TOR,23,2017,2023,7,"$22,000,000","$3,142,857","$3,000,000","$4,600,000","$6,100,000",3.142857
Justin Turner,DH,BOS                  BOS,38,2023,2024,2,"$21,700,000","$10,850,000",,"$22,700,000","$22,700,000",10.85
Bryce Harper,1B,WSH                  WSH,25,2018,2018,1,"$21,625,000","$21,625,000",,"$21,725,000","$21,725,000",21.625
Matt Wieters,C,WSH                  WSH,30,2017,2018,2,"$21,000,000","$10,500,000",,"$16,000,000","$16,000,000",10.5
Michael Cuddyer,LF,NYM                  NYM,35,2015,2016,2,"$21,000,000","$10,500,000",,"$21,000,000","$21,000,000",10.5
Jurickson Profar,LF,SD                  SD,27,2021,2023,3,"$21,000,000","$7,000,000","$2,500,000","$12,500,000","$20,000,000",7.0
Trea Turner,SS,LAD                  LAD,28,2022,2022,1,"$21,000,000","$21,000,000",,"$21,000,000","$21,000,000",21.0
Eduardo Escobar,3B,ARI                  ARI,29,2019,2021,3,"$21,000,000","$7,000,000","$500,000","$9,092,593","$11,753,911",7.0
Shogo Akiyama,OF,CIN                  CIN,31,2020,2022,3,"$21,000,000","$7,000,000",,"$9,222,222","$17,222,222",7.0
George Springer,RF,HOU                  HOU,30,2020,2020,1,"$21,000,000","$21,000,000",,"$7,777,778","$7,777,778",21.0
Marwin Gonzalez,3B,MIN                  MIN,29,2019,2020,2,"$21,000,000","$10,500,000",,"$15,333,333","$15,333,333",10.5
Pete Alonso,1B,NYM                  NYM,28,2024,2024,1,"$20,500,000","$20,500,000",,"$20,500,000","$20,500,000",20.5
Brian Dozier,2B,MIN                  MIN,27,2015,2018,4,"$20,000,000","$5,000,000",,"$5,025,000","$11,050,000",5.0
Howie Kendrick,2B,LAD                  LAD,32,2016,2017,2,"$20,000,000","$10,000,000",,"$8,551,912","$8,551,912",10.0
Mookie Betts,RF,BOS                  BOS,26,2019,2019,1,"$20,000,000","$20,000,000",,"$20,100,000","$20,100,000",20.0
Jed Lowrie,2B,NYM                  NYM,34,2019,2020,2,"$20,000,000","$10,000,000","$5,000,000","$14,333,333","$14,333,333",10.0
Avisaíl García,DH,MIL                  MIL,28,2020,2022,2,"$20,000,000","$10,000,000","$500,000","$13,592,592","$15,592,592",10.0
Eduardo Escobar,3B,NYM                  NYM,32,2022,2024,2,"$20,000,000","$10,000,000",,"$10,387,096","$10,387,096",10.0
Vladimir Guerrero Jr.,1B,TOR                  TOR,24,2024,2024,1,"$19,900,000","$19,900,000",,"$19,900,000","$19,900,000",19.9
Joc Pederson,DH,SF                  SF,30,2023,2023,1,"$19,650,000","$19,650,000",,"$19,650,000","$19,650,000",19.65
Kris Bryant,1B,CHC                  CHC,28,2021,2021,1,"$19,500,000","$19,500,000",,"$6,814,535","$6,814,535",19.5
Wilson Ramos,C,NYM                  NYM,31,2019,2021,2,"$19,000,000","$9,500,000","$2,000,000","$12,361,926","$13,861,926",9.5
Manuel Margot,RF,TB                  TB,28,2023,2025,2,"$19,000,000","$9,500,000",,"$11,000,000","$13,000,000",9.5
Aaron Judge,CF,NYY                  NYY,29,2022,2022,1,"$19,000,000","$19,000,000",,"$19,000,000","$19,000,000",19.0
Anthony Rendon,3B,WSH                  WSH,28,2019,2019,1,"$18,800,000","$18,800,000",,"$18,800,000","$18,800,000",18.8
Tommy La Stella,2B,SF                  SF,31,2021,2023,3,"$18,750,000","$6,250,000",,"$7,250,000","$18,750,000",6.25
Kris Bryant,1B,CHC                  CHC,27,2020,2020,1,"$18,600,000","$18,600,000",,"$6,888,889","$6,888,889",18.6
Asdrubal Cabrera,2B,NYM                  NYM,30,2016,2018,2,"$18,500,000","$9,250,000",,"$16,500,000","$19,383,075",9.25
J.D. Martinez,DH,DET                  DET,28,2016,2017,2,"$18,500,000","$9,250,000",,"$11,629,808","$11,629,808",9.25
José Bautista,RF,TOR                  TOR,36,2017,2017,1,"$18,500,000","$18,500,000",,"$18,000,000","$18,000,000",18.5
Brandon Belt,1B,SF                  SF,33,2022,2022,1,"$18,400,000","$18,400,000",,"$18,400,000","$18,400,000",18.4
Yasmani Grandal,C,MIL                  MIL,30,2019,2020,1,"$18,250,000","$18,250,000",,"$16,000,000","$16,000,000",18.25
Kolten Wong,2B,MIL                  MIL,30,2021,2023,2,"$18,000,000","$9,000,000","$1,000,000","$11,000,000","$19,250,000",9.0
Marcus Semien,2B,TOR                  TOR,30,2021,2021,1,"$18,000,000","$18,000,000",,"$18,000,000","$18,000,000",18.0
Eddie Rosario,LF,ATL                  ATL,30,2022,2024,2,"$18,000,000","$9,000,000",,"$18,000,000","$18,000,000",9.0
Marcell Ozuna,DH,ATL                  ATL,29,2020,2020,1,"$18,000,000","$18,000,000",,"$6,666,667","$6,666,667",18.0
Jose Abreu,1B,CHW                  CHW,32,2020,2020,1,"$17,800,000","$17,800,000",,"$17,800,000","$17,800,000",17.8
Carlos Santana,1B,KC                  KC,34,2021,2022,2,"$17,500,000","$8,750,000",,"$9,425,000","$9,425,000",8.75
Cody Bellinger,CF,CHC                  CHC,27,2023,2024,1,"$17,500,000","$17,500,000",,"$12,500,000","$12,500,000",17.5
Max Stassi,C,LAA                  LAA,31,2022,2025,3,"$17,500,000","$5,833,333",,"$10,000,000","$10,740,000",5.833333
Rafael Devers,3B,BOS                  BOS,25,2023,2023,1,"$17,500,000","$17,500,000",,"$17,500,000","$17,500,000",17.5
Lorenzo Cain,CF,KC                  KC,29,2016,2017,2,"$17,500,000","$8,750,000",,"$17,500,000","$17,500,000",8.75
Corey Dickerson,LF,MIA                  MIA,30,2020,2021,2,"$17,500,000","$8,750,000","$2,000,000","$12,768,518","$12,768,518",8.75
Francisco Lindor,SS,CLE                  CLE,26,2020,2020,1,"$17,500,000","$17,500,000",,"$6,481,481","$6,481,481",17.5
Neil Walker,2B,NYM                  NYM,31,2017,2017,1,"$17,200,000","$17,200,000",,"$3,000,000","$3,000,000",17.2
Juan Soto,RF,WSH                  WSH,23,2022,2022,1,"$17,100,000","$17,100,000",,"$6,013,184","$6,013,184",17.1
Kendrys Morales,DH,KC                  KC,31,2015,2016,2,"$17,000,000","$8,500,000",,"$16,850,819","$18,350,819",8.5
Todd Frazier,3B,NYM                  NYM,31,2018,2019,2,"$17,000,000","$8,500,000",,"$17,000,000","$17,000,000",8.5
Jean Segura,3B,MIA                  MIA,32,2023,2025,2,"$17,000,000","$8,500,000",,"$10,631,706","$10,631,706",8.5
Brandon Drury,2B,LAA                  LAA,30,2023,2024,2,"$17,000,000","$8,500,000",,"$17,000,000","$17,000,000",8.5
Michael Conforto,LF,LAD                  LAD,31,2025,2025,1,"$17,000,000","$17,000,000","$8,500,000","$17,000,000","$17,000,000",17.0
Cody Bellinger,CF,LAD                  LAD,26,2022,2022,1,"$17,000,000","$17,000,000",,"$17,000,000","$17,000,000",17.0
Tommy Edman,CF,STL                  STL,28,2024,2025,2,"$16,500,000","$8,250,000",,"$11,970,968","$11,970,968",8.25
Wilmer Flores,1B,SF                  SF,31,2023,2025,3,"$16,500,000","$5,500,000",,"$13,000,000","$16,500,000",5.5
Kyle Tucker,RF,CHC                  CHC,28,2025,2025,1,"$16,500,000","$16,500,000",,"$16,500,000","$16,500,000",16.5
Leury García,2B,CHW                  CHW,30,2022,2024,3,"$16,500,000","$5,500,000",,"$11,000,000","$16,500,000",5.5
Khris Davis,DH,OAK                  OAK,31,2019,2019,1,"$16,500,000","$16,500,000",,"$16,500,000","$16,500,000",16.5
Whit Merrifield,2B,KC                  KC,29,2019,2024,4,"$16,250,000","$4,062,500",,"$2,851,852","$10,301,852",4.0625
Cody Bellinger,CF,LAD                  LAD,25,2021,2021,1,"$16,100,000","$16,100,000",,"$16,100,000","$16,100,000",16.1
Carlos Beltrán,DH,HOU                  HOU,39,2017,2017,1,"$16,000,000","$16,000,000",,"$16,000,000","$16,000,000",16.0
Eric Thames,1B,MIL                  MIL,30,2017,2020,3,"$16,000,000","$5,333,333",,"$9,500,000","$15,500,000",5.333333
Mike Morse,LF,MIA                  MIA,32,2015,2016,2,"$16,000,000","$8,000,000","$1,000,000","$7,928,961","$7,928,961",8.0
David Ortiz,DH,BOS                  BOS,39,2015,2017,1,"$16,000,000","$16,000,000",,"$32,000,000","$48,000,000",16.0
Yonder Alonso,1B,CLE                  CLE,30,2018,2020,2,"$16,000,000","$8,000,000",,"$15,000,000","$16,000,000",8.0
Tucker Barnhart,C,CIN                  CIN,26,2018,2022,4,"$16,000,000","$4,000,000","$1,750,000","$8,250,000","$9,546,296",4.0
Travis d'Arnaud,C,ATL                  ATL,32,2022,2023,2,"$16,000,000","$8,000,000",,"$16,000,000","$16,000,000",8.0
Jose Abreu,1B,CHW                  CHW,31,2019,2019,1,"$16,000,000","$16,000,000",,"$16,015,000","$16,015,000",16.0
Kole Calhoun,RF,ARI                  ARI,32,2020,2022,2,"$16,000,000","$8,000,000",,"$10,222,222","$12,222,222",8.0
Travis d'Arnaud,C,ATL                  ATL,30,2020,2021,2,"$16,000,000","$8,000,000",,"$10,962,963","$10,962,963",8.0
Manny Machado,3B,BAL                  BAL,25,2018,2018,1,"$16,000,000","$16,000,000",,"$6,365,591","$6,365,591",16.0
Matt Wieters,C,BAL                  BAL,29,2016,2016,1,"$15,800,000","$15,800,000",,"$15,800,000","$15,800,000",15.8
Colby Rasmus,LF,HOU                  HOU,29,2016,2016,1,"$15,800,000","$15,800,000",,"$15,800,000","$15,800,000",15.8
David Bote,2B,CHC                  CHC,26,2020,2026,5,"$15,000,000","$3,000,000","$50,000","$1,950,000","$4,450,000",3.0
Jonathan Schoop,2B,DET                  DET,29,2021,2023,2,"$15,000,000","$7,500,000",,"$12,000,000","$19,500,000",7.5
Omar Narváez,C,NYM                  NYM,30,2023,2024,2,"$15,000,000","$7,500,000",,"$15,000,000","$15,000,000",7.5
Isiah Kiner-Falefa,SS,TOR                  TOR,28,2024,2025,2,"$15,000,000","$7,500,000",,"$1,379,044","$1,379,044",7.5
Nelson Cruz,DH,WSH                  WSH,41,2022,2023,1,"$15,000,000","$15,000,000",,"$15,000,000","$15,000,000",15.0
Gleyber Torres,2B,DET                  DET,28,2025,2025,1,"$15,000,000","$15,000,000",,"$15,000,000","$15,000,000",15.0
Luis Valbuena,3B,LAA                  LAA,31,2017,2019,2,"$15,000,000","$7,500,000",,"$14,500,000","$15,000,000",7.5
Welington Castillo,C,CHW                  CHW,30,2018,2020,2,"$15,000,000","$7,500,000",,"$11,381,720","$11,881,720",7.5
Aledmys Diaz,SS,OAK                  OAK,32,2023,2024,2,"$14,500,000","$7,250,000",,"$14,750,000","$14,750,000",7.25
Vladimir Guerrero Jr.,1B,TOR                  TOR,23,2023,2023,1,"$14,500,000","$14,500,000",,"$14,500,000","$14,500,000",14.5
Pete Alonso,1B,NYM                  NYM,27,2023,2023,1,"$14,500,000","$14,500,000",,"$14,500,000","$14,500,000",14.5
Elias Diaz,C,COL                  COL,31,2022,2024,3,"$14,500,000","$4,833,333",,"$8,500,000","$14,500,000",4.833333
Jesse Winker,LF,SEA                  SEA,28,2022,2023,2,"$14,500,000","$7,250,000",,"$14,500,000","$14,500,000",7.25
C.J. Cron,1B,COL                  COL,31,2022,2023,2,"$14,500,000","$7,250,000",,"$9,666,636","$9,666,636",7.25
Nelson Cruz,DH,MIN                  MIN,38,2019,2020,1,"$14,300,000","$14,300,000",,"$18,444,444","$18,444,444",14.3
Mike Moustakas,3B,KC                  KC,27,2016,2017,2,"$14,300,000","$7,150,000",,"$14,300,000","$14,300,000",7.15
Gleyber Torres,2B,NYY                  NYY,26,2024,2024,1,"$14,200,000","$14,200,000",,"$14,200,000","$14,200,000",14.2
Charlie Blackmon,CF,COL                  COL,31,2018,2018,1,"$14,000,000","$14,000,000",,"$14,000,000","$14,000,000",14.0
Trey Mancini,OF,CHC                  CHC,30,2023,2024,2,"$14,000,000","$7,000,000",,"$14,000,000","$14,000,000",7.0
Teoscar Hernandez,LF,TOR                  TOR,30,2023,2023,1,"$14,000,000","$14,000,000",,"$14,000,000","$14,000,000",14.0
Adolis García,RF,TEX                  TEX,30,2024,2025,2,"$14,000,000","$7,000,000",,"$15,250,000","$15,250,000",7.0
Enrique Hernandez,SS,BOS                  BOS,29,2021,2022,2,"$14,000,000","$7,000,000",,"$11,500,000","$11,500,000",7.0
Luis Arraez,1B,SD                  SD,27,2025,2025,1,"$14,000,000","$14,000,000",,"$14,000,000","$14,000,000",14.0
Didi Gregorius,SS,PHI                  PHI,29,2020,2020,1,"$14,000,000","$14,000,000",,"$5,185,185","$5,185,185",14.0
Eric Hosmer,1B,KC                  KC,25,2015,2016,2,"$13,900,000","$6,950,000",,"$14,050,000","$14,050,000",6.95
Corey Seager,SS,LAD                  LAD,26,2021,2021,1,"$13,750,000","$13,750,000",,"$13,750,000","$13,750,000",13.75
Bryce Harper,1B,WSH                  WSH,24,2017,2017,1,"$13,625,000","$13,625,000",,"$13,625,000","$13,625,000",13.625
Max Muncy,3B,LAD                  LAD,32,2023,2024,1,"$13,500,000","$13,500,000",,"$13,500,000","$13,500,000",13.5
Bryan Reynolds,RF,PIT                  PIT,26,2022,2023,2,"$13,500,000","$6,750,000",,"$13,500,000","$13,500,000",6.75
Kyle Higashioka,C,TEX                  TEX,34,2025,2027,2,"$13,500,000","$6,750,000",,"$12,500,000","$13,500,000",6.75
Chris Taylor,3B,LAD                  LAD,29,2020,2021,2,"$13,400,000","$6,700,000",,"$9,874,074","$9,874,074",6.7
Christian Vazquez,C,BOS                  BOS,28,2019,2022,3,"$13,350,000","$4,450,000",,"$4,405,556","$10,655,556",4.45
Trea Turner,SS,WSH                  WSH,27,2021,2021,1,"$13,000,000","$13,000,000",,"$4,567,568","$4,567,568",13.0
Marcus Semien,2B,OAK                  OAK,29,2020,2020,1,"$13,000,000","$13,000,000",,"$4,814,815","$4,814,815",13.0
Jose Abreu,1B,CHW                  CHW,30,2018,2018,1,"$13,000,000","$13,000,000",,"$13,000,000","$13,000,000",13.0
Dexter Fowler,RF,CHC                  CHC,29,2016,2017,1,"$13,000,000","$13,000,000",,"$13,000,000","$13,000,000",13.0
Chris Young,RF,BOS                  BOS,32,2016,2017,2,"$13,000,000","$6,500,000",,"$13,000,000","$13,000,000",6.5
Seth Smith,RF,SD                  SD,32,2015,2017,2,"$13,000,000","$6,500,000",,"$12,750,000","$19,750,000",6.5
Yunel Escobar,3B,TB                  TB,32,2015,2017,2,"$13,000,000","$6,500,000",,"$10,500,000","$17,500,000",6.5
Mitch Moreland,1B,BOS                  BOS,32,2018,2019,2,"$13,000,000","$6,500,000",,"$13,000,000","$13,000,000",6.5
Welington Castillo,C,BAL                  BAL,29,2017,2018,2,"$13,000,000","$6,500,000",,"$13,000,000","$13,000,000",6.5
Matt Holliday,OF,NYY                  NYY,36,2017,2017,1,"$13,000,000","$13,000,000",,"$13,000,000","$13,000,000",13.0
Nelson Cruz,DH,MIN                  MIN,40,2021,2021,1,"$13,000,000","$13,000,000",,"$5,102,116","$5,102,116",13.0
Justin Turner,DH,TOR                  TOR,39,2024,2024,1,"$13,000,000","$13,000,000",,"$2,903,226","$2,903,226",13.0
Hunter Renfroe,RF,KC                  KC,31,2024,2025,2,"$13,000,000","$6,500,000",,"$13,140,000","$13,140,000",6.5
Yan Gomes,C,CHC                  CHC,34,2022,2024,2,"$13,000,000","$6,500,000",,"$12,500,000","$18,500,000",6.5
Charlie Blackmon,DH,COL                  COL,37,2024,2024,1,"$13,000,000","$13,000,000",,"$14,500,000","$14,500,000",13.0
Kris Bryant,1B,CHC                  CHC,26,2019,2019,1,"$12,900,000","$12,900,000",,"$12,900,000","$12,900,000",12.9
Wilson Ramos,C,TB                  TB,29,2017,2018,2,"$12,500,000","$6,250,000",,"$7,500,024","$7,500,024",6.25
Steven Pearce,1B,TOR                  TOR,33,2017,2018,2,"$12,500,000","$6,250,000",,"$7,750,000","$7,750,000",6.25
Brett Gardner,LF,NYY                  NYY,36,2020,2021,1,"$12,500,000","$12,500,000","$2,000,000","$7,462,962","$7,462,962",12.5
Joc Pederson,DH,ARI                  ARI,31,2024,2025,1,"$12,500,000","$12,500,000",,"$12,500,000","$12,500,000",12.5
Hyeseong Kim,2B,LAD                  LAD,25,2025,2029,3,"$12,500,000","$4,166,667","$1,000,000","$7,250,000","$11,000,000",4.166667
Paul Goldschmidt,1B,NYY                  NYY,37,2025,2025,1,"$12,500,000","$12,500,000",,"$12,500,000","$12,500,000",12.5
Anthony Rendon,3B,WSH                  WSH,27,2018,2018,1,"$12,300,000","$12,300,000",,"$12,300,000","$12,300,000",12.3
Eric Hosmer,1B,KC                  KC,27,2017,2017,1,"$12,250,000","$12,250,000",,"$12,250,000","$12,250,000",12.25
Willy Adames,SS,MIL                  MIL,28,2024,2024,1,"$12,250,000","$12,250,000",,"$12,250,000","$12,250,000",12.25
Michael Conforto,LF,NYM                  NYM,27,2021,2021,1,"$12,250,000","$12,250,000",,"$12,250,000","$12,250,000",12.25
Marcell Ozuna,DH,STL                  STL,28,2019,2019,1,"$12,250,000","$12,250,000",,"$12,250,000","$12,250,000",12.25
Brandon Moss,DH,KC                  KC,33,2017,2019,2,"$12,000,000","$6,000,000",,"$7,750,000","$8,750,000",6.0
Byung-ho Park,DH,MIN                  MIN,28,2015,2020,4,"$12,000,000","$3,000,000",,"$5,500,000","$8,500,000",3.0
Todd Frazier,3B,CIN                  CIN,28,2015,2016,2,"$12,000,000","$6,000,000","$1,500,000","$12,000,000","$12,000,000",6.0
Chris Davis,1B,BAL                  BAL,28,2015,2015,1,"$12,000,000","$12,000,000",,"$12,000,000","$12,000,000",12.0
Kurt Suzuki,C,MIN                  MIN,31,2015,2017,2,"$12,000,000","$6,000,000",,"$12,000,000","$12,000,000",6.0
Todd Frazier,3B,CHW                  CHW,30,2017,2017,1,"$12,000,000","$12,000,000",,"$4,983,624","$4,983,624",12.0
Xander Bogaerts,2B,BOS                  BOS,26,2019,2019,1,"$12,000,000","$12,000,000",,"$12,000,000","$12,000,000",12.0
Starlin Castro,2B,WSH                  WSH,29,2020,2021,2,"$12,000,000","$6,000,000",,"$8,222,222","$8,222,222",6.0
Edwin Encarnacion,DH,CHW                  CHW,36,2020,2021,1,"$12,000,000","$12,000,000","$1,000,000","$5,074,074","$5,074,074",12.0
Yoshitomo Tsutsugo,1B,TB                  TB,28,2020,2021,2,"$12,000,000","$6,000,000",,"$6,998,856","$6,998,856",6.0
Carlos Santana,1B,CLE                  CLE,38,2025,2025,1,"$12,000,000","$12,000,000",,"$12,000,000","$12,000,000",12.0
Travis d'Arnaud,C,LAA                  LAA,35,2025,2026,2,"$12,000,000","$6,000,000",,"$12,000,000","$12,000,000",6.0
Rhys Hoskins,DH,PHI                  PHI,29,2023,2023,1,"$12,000,000","$12,000,000",,"$12,000,000","$12,000,000",12.0
Matt Carpenter,DH,SD                  SD,37,2023,2024,2,"$12,000,000","$6,000,000",,"$10,500,000","$10,500,000",6.0
Michael Brantley,LF,HOU                  HOU,35,2023,2023,1,"$12,000,000","$12,000,000",,"$12,000,000","$12,000,000",12.0
J.D. Martinez,DH,NYM                  NYM,36,2024,2024,1,"$12,000,000","$12,000,000","$2,500,000","$4,500,000","$4,500,000",12.0
Victor Caratini,C,HOU                  HOU,30,2024,2025,2,"$12,000,000","$6,000,000",,"$12,050,000","$12,050,000",6.0
Kyle Tucker,RF,HOU                  HOU,27,2024,2024,1,"$12,000,000","$12,000,000",,"$12,000,000","$12,000,000",12.0
Hunter Renfroe,RF,LAA                  LAA,30,2023,2023,1,"$11,900,000","$11,900,000",,"$1,983,318","$1,983,318",11.9
Didi Gregorius,SS,NYY                  NYY,28,2019,2019,1,"$11,750,000","$11,750,000",,"$11,750,000","$11,750,000",11.75
Anthony Santander,RF,BAL                  BAL,28,2024,2024,1,"$11,700,000","$11,700,000",,"$11,700,000","$11,700,000",11.7
Carlos Correa,SS,HOU                  HOU,26,2021,2021,1,"$11,700,000","$11,700,000",,"$11,700,000","$11,700,000",11.7
Javier Báez,SS,CHC                  CHC,28,2021,2021,1,"$11,650,000","$11,650,000",,"$199,355","$199,355",11.65
Manny Machado,3B,BAL                  BAL,24,2017,2017,1,"$11,500,000","$11,500,000",,"$11,500,000","$11,500,000",11.5
Carlos Gomez,RF,TEX                  TEX,31,2017,2017,1,"$11,500,000","$11,500,000",,"$11,500,000","$11,500,000",11.5
Sean Rodriguez,2B,ATL                  ATL,31,2017,2018,2,"$11,500,000","$5,750,000","$1,500,000","$8,084,699","$8,084,699",5.75
Carson Kelly,C,CHC                  CHC,30,2025,2027,2,"$11,500,000","$5,750,000",,"$10,500,000","$12,000,000",5.75
Cody Bellinger,CF,LAD                  LAD,24,2020,2020,1,"$11,500,000","$11,500,000",,"$4,259,259","$4,259,259",11.5
Randy Arozarena,LF,SEA                  SEA,29,2025,2025,1,"$11,300,000","$11,300,000",,"$11,300,000","$11,300,000",11.3
Rafael Devers,3B,BOS                  BOS,25,2022,2022,1,"$11,200,000","$11,200,000",,"$11,200,000","$11,200,000",11.2
Matt Joyce,LF,OAK                  OAK,32,2017,2018,2,"$11,000,000","$5,500,000",,"$10,945,356","$10,945,356",5.5
David Freese,1B,PIT                  PIT,33,2017,2019,2,"$11,000,000","$5,500,000",,"$6,935,470","$7,435,470",5.5
Jung Ho Kang,3B,PIT                  PIT,27,2015,2019,4,"$11,000,000","$2,750,000",,"$5,000,000","$5,000,000",2.75
Álex Ríos,RF,KC                  KC,33,2015,2015,1,"$11,000,000","$11,000,000",,"$11,000,000","$11,000,000",11.0
Jackie Bradley Jr.,CF,BOS                  BOS,29,2020,2020,1,"$11,000,000","$11,000,000",,"$4,074,074","$4,074,074",11.0
Miguel Rojas,SS,LAD                  LAD,33,2023,2025,2,"$11,000,000","$5,500,000","$1,500,000","$10,000,000","$15,000,000",5.5
Joey Gallo,1B,MIN                  MIN,29,2023,2023,1,"$11,000,000","$11,000,000",,"$11,000,000","$11,000,000",11.0
Jon Jay,RF,STL                  STL,29,2015,2016,2,"$10,975,000","$5,487,500","$1,250,000","$10,975,000","$10,975,000",5.4875
Christian Walker,1B,ARI                  ARI,32,2024,2024,1,"$10,900,000","$10,900,000",,"$10,900,000","$10,900,000",10.9
Josh Naylor,1B,ARI                  ARI,27,2025,2025,1,"$10,900,000","$10,900,000",,"$3,867,742","$3,867,742",10.9
Kris Bryant,1B,CHC                  CHC,25,2018,2018,1,"$10,850,000","$10,850,000",,"$10,850,000","$10,850,000",10.85
Ian Happ,LF,CHC                  CHC,28,2023,2023,1,"$10,850,000","$10,850,000",,"$13,850,000","$13,850,000",10.85
Jose Abreu,1B,CHW                  CHW,29,2017,2017,1,"$10,825,000","$10,825,000",,"$10,825,000","$10,825,000",10.825
Teoscar Hernandez,LF,TOR                  TOR,29,2022,2022,1,"$10,650,000","$10,650,000",,"$10,650,000","$10,650,000",10.65
Luis Arraez,1B,MIA                  MIA,26,2024,2024,1,"$10,600,000","$10,600,000",,"$592,796","$592,796",10.6
Francisco Lindor,SS,CLE                  CLE,25,2019,2019,1,"$10,550,000","$10,550,000",,"$10,550,000","$10,550,000",10.55
Neil Walker,2B,NYM                  NYM,30,2016,2016,1,"$10,550,000","$10,550,000",,"$10,550,000","$10,550,000",10.55
Andrelton Simmons,SS,MIN                  MIN,31,2021,2021,1,"$10,500,000","$10,500,000",,"$10,500,000","$10,500,000",10.5
Harrison Bader,CF,NYM                  NYM,29,2024,2024,1,"$10,500,000","$10,500,000","$1,000,000","$10,500,000","$10,500,000",10.5
Kevin Kiermaier,CF,TOR                  TOR,33,2024,2024,1,"$10,500,000","$10,500,000",,"$1,840,000","$1,840,000",10.5
Torii Hunter,RF,MIN                  MIN,39,2015,2015,1,"$10,500,000","$10,500,000",,"$10,500,000","$10,500,000",10.5
Khris Davis,DH,OAK                  OAK,30,2018,2018,1,"$10,500,000","$10,500,000",,"$10,500,000","$10,500,000",10.5
Mookie Betts,RF,BOS                  BOS,25,2018,2018,1,"$10,500,000","$10,500,000",,"$10,500,000","$10,500,000",10.5
Harrison Bader,CF,STL                  STL,27,2022,2023,2,"$10,400,000","$5,200,000",,"$2,686,075","$2,686,075",5.2
Nathaniel Lowe,1B,WSH                  WSH,29,2025,2025,1,"$10,300,000","$10,300,000",,"$10,300,000","$10,300,000",10.3
Joey Gallo,1B,NYY                  NYY,28,2022,2022,1,"$10,275,000","$10,275,000",,"$3,613,184","$3,613,184",10.275
Logan Forsythe,2B,TB                  TB,28,2016,2018,2,"$10,250,000","$5,125,000","$2,500,000","$9,750,000","$12,750,000",5.125
A.J. Pollock,LF,ARI                  ARI,28,2016,2017,2,"$10,250,000","$5,125,000",,"$10,250,000","$10,250,000",5.125
Miguel Rojas,SS,MIA                  MIA,30,2020,2022,2,"$10,250,000","$5,125,000",,"$9,750,000","$15,250,000",5.125
Aaron Judge,CF,NYY                  NYY,28,2021,2021,1,"$10,175,000","$10,175,000",,"$10,175,000","$10,175,000",10.175
Mike Moustakas,3B,MIL                  MIL,30,2019,2020,1,"$10,000,000","$10,000,000",,"$10,050,000","$10,050,000",10.0
Andrew Benintendi,LF,BOS                  BOS,25,2020,2021,2,"$10,000,000","$5,000,000",,"$5,059,259","$5,059,259",5.0
J.T. Realmuto,C,PHI                  PHI,28,2020,2020,1,"$10,000,000","$10,000,000",,"$3,703,704","$3,703,704",10.0
Javier Báez,SS,CHC                  CHC,27,2020,2020,1,"$10,000,000","$10,000,000",,"$3,703,704","$3,703,704",10.0
Kurt Suzuki,C,WSH                  WSH,35,2019,2020,2,"$10,000,000","$5,000,000",,"$6,222,222","$6,222,222",5.0
Yan Gomes,C,WSH                  WSH,32,2020,2021,2,"$10,000,000","$5,000,000",,"$3,578,251","$3,578,251",5.0
Max Kepler,RF,PHI                  PHI,31,2025,2025,1,"$10,000,000","$10,000,000",,"$10,000,000","$10,000,000",10.0
J.D. Martinez,DH,LAD                  LAD,35,2023,2023,1,"$10,000,000","$10,000,000",,"$10,000,000","$10,000,000",10.0
Brad Miller,LF,TEX                  TEX,32,2022,2023,2,"$10,000,000","$5,000,000",,"$10,000,000","$10,000,000",5.0
Miguel Rojas,SS,MIA                  MIA,32,2022,2023,2,"$10,000,000","$5,000,000",,"$10,000,000","$10,000,000",5.0
Kyle Schwarber,DH,WSH                  WSH,27,2021,2022,1,"$10,000,000","$10,000,000",,"$5,459,459","$5,459,459",10.0
Robbie Grossman,RF,DET                  DET,31,2021,2022,2,"$10,000,000","$5,000,000",,"$7,258,272","$7,258,272",5.0
Josh Bell,1B,WSH                  WSH,29,2022,2022,1,"$10,000,000","$10,000,000",,"$3,516,480","$3,516,480",10.0
Dansby Swanson,SS,ATL                  ATL,27,2022,2022,1,"$10,000,000","$10,000,000",,"$10,000,000","$10,000,000",10.0
Yadier Molina,C,STL                  STL,39,2022,2022,1,"$10,000,000","$10,000,000",,"$10,000,000","$10,000,000",10.0
Enrique Hernandez,SS,BOS                  BOS,31,2023,2023,1,"$10,000,000","$10,000,000",,"$1,102,121","$1,102,121",10.0
Nick Castellanos,RF,DET                  DET,26,2019,2019,1,"$9,950,000","$9,950,000",,"$2,859,700","$2,859,700",9.95
Gleyber Torres,2B,NYY                  NYY,25,2023,2023,1,"$9,950,000","$9,950,000",,"$9,950,000","$9,950,000",9.95
Scooter Gennett,2B,CIN                  CIN,28,2019,2019,1,"$9,775,000","$9,775,000",,"$3,205,794","$3,205,794",9.775
Victor Robles,CF,SEA                  SEA,27,2025,2027,2,"$9,750,000","$4,875,000","$1,250,000","$9,118,281","$9,618,281",4.875
Yasiel Puig,RF,CIN                  CIN,28,2019,2019,1,"$9,700,000","$9,700,000",,"$3,129,032","$3,129,032",9.7
Willson Contreras,1B,CHC                  CHC,29,2022,2022,1,"$9,625,000","$9,625,000",,"$9,625,000","$9,625,000",9.625
Dexter Fowler,RF,CHC                  CHC,28,2015,2015,1,"$9,500,000","$9,500,000",,"$9,500,000","$9,500,000",9.5
Jace Peterson,3B,OAK                  OAK,32,2023,2024,2,"$9,500,000","$4,750,000",,"$4,650,028","$4,650,028",4.75
Brandon Belt,1B,TOR                  TOR,34,2023,2023,1,"$9,300,000","$9,300,000",,"$9,300,000","$9,300,000",9.3
Adam Duvall,RF,ATL                  ATL,33,2022,2022,1,"$9,275,000","$9,275,000",,"$9,275,000","$9,275,000",9.275
Mike Yastrzemski,RF,SF                  SF,34,2025,2025,1,"$9,250,000","$9,250,000",,"$1,000,000","$1,000,000",9.25
Mark Trumbo,DH,BAL                  BAL,29,2016,2016,1,"$9,150,000","$9,150,000",,"$9,150,000","$9,150,000",9.15
Gary Sánchez,DH,MIN                  MIN,29,2022,2022,1,"$9,000,000","$9,000,000",,"$9,000,000","$9,000,000",9.0
Michael A. Taylor,CF,KC                  KC,30,2022,2023,2,"$9,000,000","$4,500,000",,"$9,250,000","$9,250,000",4.5
Martin Maldonado,C,HOU                  HOU,20,2022,2023,2,"$9,000,000","$4,500,000",,"$9,000,000","$9,000,000",4.5
Yadier Molina,C,STL                  STL,38,2021,2021,1,"$9,000,000","$9,000,000",,"$9,000,000","$9,000,000",9.0
Jason Heyward,RF,LAD                  LAD,34,2024,2024,1,"$9,000,000","$9,000,000",,"$9,000,000","$9,000,000",9.0
Kevin Kiermaier,CF,TOR                  TOR,32,2023,2023,1,"$9,000,000","$9,000,000",,"$9,000,000","$9,000,000",9.0
Roberto Pérez,C,CLE                  CLE,28,2017,2022,4,"$9,000,000","$2,250,000","$500,000","$2,550,000","$5,050,000",2.25
Brian Dozier,2B,WSH                  WSH,31,2019,2019,1,"$9,000,000","$9,000,000",,"$9,000,000","$9,000,000",9.0
Marcell Ozuna,DH,STL                  STL,27,2018,2018,1,"$9,000,000","$9,000,000",,"$9,000,000","$9,000,000",9.0
Tommy Pham,RF,SD                  SD,32,2021,2021,1,"$8,900,000","$8,900,000",,"$8,900,000","$8,900,000",8.9
Dylan Moore,2B,SEA                  SEA,30,2023,2025,3,"$8,875,000","$2,958,333",,"$5,300,000","$9,125,000",2.958333
Jonathan India,2B,CIN                  CIN,26,2024,2025,2,"$8,800,000","$4,400,000",,"$10,850,000","$10,850,000",4.4
Cedric Mullins,CF,BAL                  BAL,30,2025,2025,1,"$8,725,000","$8,725,000",,"$8,725,000","$8,725,000",8.725
Willy Adames,SS,MIL                  MIL,27,2023,2023,1,"$8,700,000","$8,700,000",,"$8,700,000","$8,700,000",8.7
Alex Verdugo,LF,NYY                  NYY,27,2024,2024,1,"$8,700,000","$8,700,000",,"$9,200,000","$9,200,000",8.7
Will Smith,C,LAD                  LAD,28,2024,2024,1,"$8,550,000","$8,550,000",,"$8,550,000","$8,550,000",8.55
Jackie Bradley Jr.,CF,BOS                  BOS,28,2019,2019,1,"$8,550,000","$8,550,000",,"$8,550,000","$8,550,000",8.55
Justin Smoak,1B,TOR                  TOR,30,2017,2019,2,"$8,500,000","$4,250,000",,"$8,250,000","$16,250,000",4.25
Chris Iannetta,C,COL                  COL,34,2018,2020,2,"$8,500,000","$4,250,000","$300,000","$7,750,000","$8,500,000",4.25
Mike Napoli,1B,TEX                  TEX,35,2017,2017,1,"$8,500,000","$8,500,000",,"$8,500,000","$8,500,000",8.5
Jonathan Schoop,2B,BAL                  BAL,26,2018,2018,1,"$8,500,000","$8,500,000",,"$2,833,338","$2,833,338",8.5
Didi Gregorius,SS,NYY                  NYY,27,2018,2018,1,"$8,500,000","$8,500,000",,"$8,500,000","$8,500,000",8.5
D.J. LeMahieu,2B,COL                  COL,29,2018,2018,1,"$8,500,000","$8,500,000",,"$8,500,000","$8,500,000",8.5
Shohei Ohtani,DH,LAA                  LAA,26,2021,2022,2,"$8,500,000","$4,250,000",,"$8,500,000","$8,500,000",4.25
Juan Soto,RF,WSH                  WSH,22,2021,2021,1,"$8,500,000","$8,500,000",,"$8,500,000","$8,500,000",8.5
Aaron Judge,CF,NYY                  NYY,27,2020,2020,1,"$8,500,000","$8,500,000",,"$3,148,148","$3,148,148",8.5
Corey Dickerson,LF,PIT                  PIT,29,2019,2019,1,"$8,500,000","$8,500,000",,"$2,787,639","$2,787,639",8.5
Andrew McCutchen,LF,MIL                  MIL,35,2022,2022,1,"$8,500,000","$8,500,000",,"$8,500,000","$8,500,000",8.5
Andrew Benintendi,LF,KC                  KC,27,2022,2022,1,"$8,500,000","$8,500,000",,"$3,222,507","$3,222,507",8.5
Gary Sánchez,DH,BAL                  BAL,32,2025,2025,1,"$8,500,000","$8,500,000",,"$8,500,000","$8,500,000",8.5
Danny Jansen,C,TB                  TB,29,2025,2026,1,"$8,500,000","$8,500,000",,"$2,209,677","$2,209,677",8.5
Giovanny Urshela,3B,LAA                  LAA,31,2023,2023,1,"$8,400,000","$8,400,000",,"$8,400,000","$8,400,000",8.4
Matt Wieters,C,BAL                  BAL,28,2015,2015,1,"$8,300,000","$8,300,000",,"$8,300,000","$8,300,000",8.3
Alex Avila,C,ARI                  ARI,30,2018,2019,2,"$8,250,000","$4,125,000",,"$8,250,000","$8,250,000",4.125
Tom Murphy,C,SF                  SF,32,2024,2026,2,"$8,250,000","$4,125,000",,"$8,000,000","$8,250,000",4.125
Brandon Moss,DH,STL                  STL,32,2016,2016,1,"$8,250,000","$8,250,000",,"$8,250,000","$8,250,000",8.25
Daulton Varsho,LF,TOR                  TOR,28,2025,2025,1,"$8,200,000","$8,200,000",,"$8,200,000","$8,200,000",8.2
Jonathan Villar,SS,MIA                  MIA,28,2020,2020,1,"$8,200,000","$8,200,000",,"$1,269,212","$1,269,212",8.2
Randy Arozarena,LF,TB                  TB,28,2024,2024,1,"$8,100,000","$8,100,000",,"$2,830,620","$2,830,620",8.1
Jorge Soler,RF,KC                  KC,28,2021,2021,1,"$8,050,000","$8,050,000",,"$3,013,200","$3,013,200",8.05
Eddie Rosario,LF,CLE                  CLE,29,2021,2021,1,"$8,000,000","$8,000,000",,"$2,795,715","$2,795,715",8.0
Adam Eaton,RF,CHW                  CHW,32,2021,2022,1,"$8,000,000","$8,000,000",,"$8,000,000","$8,000,000",8.0
Travis d'Arnaud,C,ATL                  ATL,34,2024,2025,1,"$8,000,000","$8,000,000",,"$7,999,999","$7,999,999",8.0
Adam Frazier,2B,BAL                  BAL,31,2023,2023,1,"$8,000,000","$8,000,000",,"$8,000,000","$8,000,000",8.0
Adam Frazier,2B,SEA                  SEA,30,2022,2022,1,"$8,000,000","$8,000,000",,"$8,000,000","$8,000,000",8.0
Manuel Pina,C,ATL                  ATL,34,2022,2024,2,"$8,000,000","$4,000,000",,"$8,000,000","$8,000,000",4.0
